"year","gdp","gdp_fy","gdp_wages","cpiu","cpiu_irs","ccpiu_irs","awi","tsy_10y","rev","rev_iit","rev_payroll","rev_corp","rev_excise","rev_estate","rev_customs","rev_misc","outlays","outlays_disc","outlays_mand","outlays_mand_oasdi","outlays_mand_health","outlays_mand_other","outlays_ni","unmarried_0","unmarried_1","unmarried_2","unmarried_3","unmarried_4","unmarried_5","unmarried_6","unmarried_7","unmarried_8","unmarried_9","unmarried_10","unmarried_11","unmarried_12","unmarried_13","unmarried_14","unmarried_15","unmarried_16","unmarried_17","unmarried_18","unmarried_19","unmarried_20","unmarried_21","unmarried_22","unmarried_23","unmarried_24","unmarried_25","unmarried_26","unmarried_27","unmarried_28","unmarried_29","unmarried_30","unmarried_31","unmarried_32","unmarried_33","unmarried_34","unmarried_35","unmarried_36","unmarried_37","unmarried_38","unmarried_39","unmarried_40","unmarried_41","unmarried_42","unmarried_43","unmarried_44","unmarried_45","unmarried_46","unmarried_47","unmarried_48","unmarried_49","unmarried_50","unmarried_51","unmarried_52","unmarried_53","unmarried_54","unmarried_55","unmarried_56","unmarried_57","unmarried_58","unmarried_59","unmarried_60","unmarried_61","unmarried_62","unmarried_63","unmarried_64","unmarried_65","unmarried_66","unmarried_67","unmarried_68","unmarried_69","unmarried_70","unmarried_71","unmarried_72","unmarried_73","unmarried_74","unmarried_75","unmarried_76","unmarried_77","unmarried_78","unmarried_79","unmarried_80","unmarried_81","unmarried_82","unmarried_83","unmarried_84","unmarried_85","unmarried_86","unmarried_87","unmarried_88","unmarried_89","unmarried_90","unmarried_91","unmarried_92","unmarried_93","unmarried_94","unmarried_95","unmarried_96","unmarried_97","unmarried_98","unmarried_99","unmarried_100","married_0","married_1","married_2","married_3","married_4","married_5","married_6","married_7","married_8","married_9","married_10","married_11","married_12","married_13","married_14","married_15","married_16","married_17","married_18","married_19","married_20","married_21","married_22","married_23","married_24","married_25","married_26","married_27","married_28","married_29","married_30","married_31","married_32","married_33","married_34","married_35","married_36","married_37","married_38","married_39","married_40","married_41","married_42","married_43","married_44","married_45","married_46","married_47","married_48","married_49","married_50","married_51","married_52","married_53","married_54","married_55","married_56","married_57","married_58","married_59","married_60","married_61","married_62","married_63","married_64","married_65","married_66","married_67","married_68","married_69","married_70","married_71","married_72","married_73","married_74","married_75","married_76","married_77","married_78","married_79","married_80","married_81","married_82","married_83","married_84","married_85","married_86","married_87","married_88","married_89","married_90","married_91","married_92","married_93","married_94","married_95","married_96","married_97","married_98","married_99","married_100"
1970,1073.325,1046.675,551.575,0.121146187980936,0.119925822740903,,0.0856876143120152,7.348333333,192.807,90.412,44.362,32.829,15.705,3.644,2.43,3.425,195.649,120.254,61.015,29.647,8.575,22.793,14.38,3659848,3568981,3594911,3659601,3815361,4103402,4170555,4250063,4371679,4340704,4310472,4355219,4373060,4287480,4129119,4107485,3963229,3769364,3432369,2936603,2448245,2069721,1795358,1349127,953945,740972,684996,588225,487063,424001,372946,370862,340539,318669,305826,304038,291333,294965,309694,316300,317690,338703,344839,347507,350069,358751,362447,364522,376051,374768,363444,383184,396447,400417,406435,418240,433738,442941,456092,460045,459585,482208,484733,498421,495567,499057,503527,506634,520875,495968,503018,521551,519253,507648,493831,487152,483370,461741,448823,411666,366492,348354,329572,298585,266230,225980,192502,160013,130074,103354,80414,61393,46013,33738,26660,18687,12750,8397,5811,3769,5663,0,0,0,0,0,0,0,0,0,0,0,0,0,0,30904,41071,69726,193183,434649,738380,1242449,1647531,2083823,2118651,1920063,2225132,2433108,2405682,2243299,2156726,2091913,2184022,2086963,2034701,2030289,2066757,1990919,2014323,2107313,2138276,2116827,2211919,2213307,2204090,2200372,2229774,2213902,2175759,2177957,2094167,1951912,1972939,1947711,1870677,1801151,1750473,1711782,1648304,1596062,1513797,1418759,1394479,1305546,1246136,1146612,1066824,993978,923691,877003,774163,721321,687444,627954,566447,510775,466255,426921,374743,330844,274148,217959,185599,156940,127169,101286,77166,59397,44671,32959,23902,16971,11838,8128,5494,3995,2586,1642,994,676,402,384
1971,1164.875,1116.55,584.525,0.126266505280503,0.125876240612419,,0.0899931598506213,6.159166667,187.139,86.23,47.325,26.785,16.614,3.735,2.591,3.859,210.172,122.531,72.8,35.131,9.587,28.082,14.841,3766257,3657310,3574542,3599844,3666084,3823278,4110204,4178404,4258188,4380336,4348089,4327388,4367153,4387681,4269515,4132902,4089940,3852337,3537937,3122669,2473999,2104543,1773149,1565937,1202128,758569,690040,648989,566288,475186,412520,377426,376188,344417,322167,312350,314613,302145,305387,320507,328807,331365,350436,354545,355506,358210,368198,372754,376436,389632,388969,377893,396651,411009,414960,421067,432683,447894,456457,469231,473410,473131,494196,497542,510914,507980,510266,513041,513905,526257,504087,507258,519844,516112,502717,487213,478385,473249,450692,435698,396163,348944,328048,306635,274236,241181,201813,169363,138537,110639,86352,65665,49323,36376,26253,20415,14082,9470,6147,4217,6428,0,0,0,0,0,0,0,0,0,0,0,0,0,0,30536,39524,69417,191374,434913,759073,1205658,1597943,1952104,2318731,2271747,2121731,2282713,2475134,2433229,2260388,2168881,2092814,2180520,2086118,2033583,2024972,2057141,1980440,2000906,2092888,2122678,2102950,2191088,2195917,2186298,2182952,2209690,2190077,2150159,2150470,2067390,1928242,1936692,1912579,1835188,1765958,1714119,1673992,1609143,1554610,1474117,1379357,1344882,1255990,1193582,1096591,1017181,944126,873365,825698,731963,676195,637638,581607,522225,468792,424080,383968,332561,289794,237448,186827,157264,131505,105379,82987,62450,47453,35200,25627,18240,12598,8662,5873,3921,2808,1803,1126,691,450,438
1972,1279.125,1216.25,638.8,0.130399147178661,0.130070367746527,,0.0988125748401378,6.21,207.309,94.737,52.574,32.166,15.477,5.436,3.287,3.632,230.682,128.544,86.66,39.364,11.625,35.671,15.478,3600288,3765344,3660896,3581655,3605848,3673572,3832132,4117089,4186581,4266635,4389239,4355597,4344542,4378823,4371435,4272244,4115840,3977108,3623316,3227403,2660746,2144093,1826328,1566022,1410282,978745,715580,661716,631797,558159,467546,419522,385909,382960,350772,331031,324740,327646,314286,316967,333863,343268,344659,360811,363799,364588,368730,380071,386031,391065,405292,404910,394078,411154,426034,429640,435518,446680,461629,469850,482043,486714,487103,506600,510269,522480,518808,519576,520178,518615,529321,509858,508560,515272,510767,495697,479219,468816,462134,437536,419318,377228,328604,305115,281392,248077,215002,177221,146396,117747,92462,70882,52698,38876,28137,19943,15192,10300,6804,4377,7073,0,0,0,0,0,0,0,0,0,0,0,0,0,0,30594,39943,68674,192611,430902,756020,1236371,1540681,1888165,2167064,2479598,2500781,2170587,2317552,2498230,2446495,2272481,2161683,2088748,2174559,2081847,2026182,2012813,2043989,1967554,1985305,2074920,2104133,2088377,2170461,2177802,2166229,2161935,2185987,2162139,2120674,2119685,2037640,1901575,1898248,1875694,1798241,1729575,1676769,1635185,1568680,1511931,1432824,1337847,1293545,1205335,1140779,1046730,967874,894887,823832,774945,689736,631946,589381,536133,478830,426870,381528,340874,291471,251188,203763,158497,131958,109074,86349,67118,49818,37312,27301,19540,13656,9174,6229,4158,2722,1932,1216,763,453,487
1973,1425.375,1352.725,708.775,0.138560465151458,0.136099425501808,,0.104995251801315,6.8425,230.799,103.246,63.115,36.153,16.26,4.917,3.188,3.92,245.708,130.395,97.964,48.176,12.213,37.575,17.349,3301104,3606541,3770602,3666186,3590032,3613059,3682179,3841164,4124406,4195207,4275497,4398507,4363627,4361750,4360609,4376138,4254626,4007467,3748729,3318095,2768205,2330321,1872471,1625099,1417176,1164172,920751,683803,641703,619878,546197,472668,425002,390968,387727,358332,342327,336363,339124,325041,328683,346993,355338,354947,368978,372388,374231,379825,393043,400091,405892,420772,420601,409479,424309,439684,442981,448699,459670,474745,482445,494384,500315,501643,519055,522435,532894,528294,527114,525379,521718,530524,513341,507507,508683,503197,487056,470132,457988,448730,421168,399488,355535,306016,280500,255207,221803,189375,153652,124830,98709,76160,57299,41598,30195,21521,14994,11251,7506,4912,7724,0,0,0,0,0,0,0,0,0,0,0,0,0,0,29859,40030,69624,189041,431497,747321,1226722,1582800,1817810,2101475,2323729,2730820,2564410,2208499,2344240,2515642,2462772,2270806,2154829,2086851,2169465,2075370,2015386,2000496,2031565,1955311,1968831,2056355,2087018,2075740,2151010,2159184,2144299,2138947,2159701,2131911,2089466,2087536,2006637,1874222,1859815,1838602,1760906,1692595,1638428,1594748,1526502,1467207,1388787,1293515,1240481,1153537,1087501,996360,918173,845348,773849,724067,647068,587500,541054,490436,434800,384061,338694,298842,252735,215622,173000,133132,109627,89535,69970,53648,39262,29024,20924,14715,10074,6588,4393,2890,1888,1305,827,502,526
1974,1545.25,1482.85,772.275,0.153817451289018,0.14928471267966,,0.111236658376067,7.5575,263.224,118.952,75.071,38.62,16.844,5.035,3.334,5.368,269.359,138.207,109.703,54.99,14.79,39.923,21.449,3188926,3304926,3618081,3776953,3672343,3599481,3621387,3691115,3850971,4132688,4204899,4285434,4408834,4371972,4350013,4363091,4360661,4146949,3787859,3445400,2868192,2439909,2056098,1673397,1478335,1186614,1093402,877001,660794,627276,603956,548595,476672,427557,394624,393826,368755,353036,346552,349266,336100,340327,357927,364566,363342,376591,381647,384559,392103,406911,414504,420575,435833,435211,423568,436029,452066,455175,461108,472295,487285,494858,507270,514706,516541,531132,533705,542176,536324,533158,529430,523492,529957,515280,505316,500911,494864,477883,460022,445108,432417,401823,377166,331738,281923,254926,228611,195708,164447,131171,104717,81398,61714,45541,32295,23010,16088,11019,8117,5340,8402,0,0,0,0,0,0,0,0,0,0,0,0,0,0,29119,39020,70062,190104,421558,746331,1210095,1567249,1872871,2023024,2262010,2564392,2809124,2615720,2238367,2365133,2536601,2464275,2269936,2150776,2086389,2162993,2065824,2004882,1989261,2020032,1942245,1951880,2039428,2072234,2064483,2131468,2139105,2120893,2113936,2131640,2100461,2057522,2054940,1975771,1847003,1821584,1801250,1723083,1654676,1598664,1553074,1482971,1420592,1342564,1247481,1186752,1101622,1034465,946281,868773,795840,724227,674163,604624,543441,494029,445453,391058,341676,297411,259550,217312,183399,145641,110855,90147,72636,55986,42330,30551,22246,15761,10882,7321,4650,3060,1997,1278,876,547,574
1975,1684.9,1606.925,814.85,0.167878830315751,0.165301035673035,,0.119549668961737,7.9875,279.09,122.386,84.534,40.621,16.551,4.611,3.676,6.711,332.331,157.964,151.123,63.557,19.054,68.512,23.244,3224698,3195644,3312646,3630995,3784578,3679799,3610102,3630009,3700652,3861534,4141743,4215162,4295888,4419073,4351768,4358270,4345437,4255876,3928474,3495523,3000052,2546494,2165971,1852548,1524639,1253519,1113528,1038221,844308,643695,609016,603302,550129,478032,428958,399495,403221,378702,362373,355526,359857,347269,350008,366149,371936,371294,384906,391679,396124,405318,421236,428747,434644,449481,448228,436426,446747,463635,467033,473540,484595,499793,508041,521183,529683,531429,542457,543963,549995,542951,538206,532423,523929,528188,516372,502114,492561,486255,468285,448820,430533,414205,380896,353350,306891,257428,229635,203014,171207,141603,111104,87213,66632,49662,36072,25101,17627,12158,8223,5968,9506,0,0,0,0,0,0,0,0,0,0,0,0,0,0,28470,38097,68538,189720,421680,727411,1204899,1544738,1852890,2093234,2178818,2501067,2647609,2871763,2655774,2262171,2389752,2542070,2466241,2271299,2147602,2084458,2153068,2056630,1995620,1979108,2007874,1928856,1936571,2024727,2058725,2052981,2110645,2117695,2095682,2087370,2102419,2068463,2025437,2022893,1945610,1820161,1783746,1764035,1684905,1615887,1558302,1510603,1437990,1372439,1295137,1200559,1133184,1050035,982195,896909,819909,747117,675856,625468,562383,500258,448266,401313,348589,301635,259641,224347,185878,155284,121983,91696,73577,58486,44466,33173,23618,16939,11809,8044,5330,3312,2168,1399,891,608,647
1976,1873.425,1786.1,899.75,0.177573644318015,0.176022273159599,,0.127798963457209,7.611666667,298.06,131.603,90.769,41.409,16.963,5.216,4.074,8.026,371.792,175.577,169.488,72.699,23.565,73.224,26.727,3215355,3233603,3205573,3321420,3645059,3793393,3688290,3620790,3638943,3710606,3872443,4150998,4225757,4306034,4400775,4350756,4346087,4241883,4041814,3638134,3066783,2681748,2276391,1959533,1697503,1304049,1175780,1055544,996281,819440,622777,605491,602101,549363,478582,431541,407820,412164,387254,370529,365000,370666,356590,357201,372649,378905,380034,394029,402974,408607,419064,435423,442188,447057,461310,459861,448484,456725,474989,479055,485745,496956,513269,522413,535741,544729,545753,552730,552736,556319,548472,542189,534146,523294,525619,516409,498113,483819,477000,457334,435660,413824,394074,358387,328680,282183,233845,205803,179310,148920,121182,93570,72278,54341,39885,28535,19488,13514,9199,6154,10870,0,0,0,0,0,0,0,0,0,0,0,0,0,0,28134,37156,67300,183768,418509,725340,1171117,1536350,1827205,2072111,2266086,2406848,2593059,2715573,2920932,2687777,2289482,2399189,2547573,2470148,2273177,2142920,2078744,2143291,2048483,1987133,1967996,1994976,1916725,1923217,2011344,2045247,2040329,2088590,2094464,2069058,2059762,2072826,2036771,1994454,1991947,1915937,1793128,1745737,1725981,1645662,1576581,1517394,1466766,1391289,1322894,1246479,1153057,1079988,999059,930631,847769,771302,699006,628106,577289,520197,457399,403374,358310,308221,264481,225289,192698,158109,130760,101571,75391,59709,46841,35141,25920,18188,12832,8821,5930,3882,2365,1523,980,617,733
1977,2081.825,2024.325,994.15,0.189061868986519,0.18663865746781,,0.135458191552137,7.419166667,355.559,157.626,106.485,54.892,17.548,7.327,5.15,6.531,409.218,197.073,182.244,83.69,28.452,70.102,29.901,3246150,3223431,3245582,3216680,3331430,3660444,3803488,3697038,3631513,3648127,3720885,3883697,4160579,4236427,4289284,4401902,4329703,4251432,4034677,3757509,3213810,2760817,2413172,2069950,1799180,1469939,1219501,1113394,1011098,963870,789904,616395,601875,599124,548176,480356,438000,415852,419708,394672,379309,374828,379669,363587,362842,378780,386641,389628,404400,415208,421655,432584,448526,453622,457457,471628,470677,460051,466693,486598,490721,497790,510068,527751,537316,550231,559028,558914,561228,559774,561230,552721,544787,534741,521752,521801,515251,493025,473712,465611,443707,419554,394336,371323,333711,302364,256228,209352,181523,155746,127174,101776,77229,58585,43262,31181,21889,14625,9967,6687,11583,0,0,0,0,0,0,0,0,0,0,0,0,0,0,26841,36708,65798,178893,402605,717733,1164213,1492209,1818069,2047791,2246984,2512570,2499358,2669976,2770154,2960542,2724152,2301896,2408439,2554707,2474345,2273699,2134288,2073220,2134695,2041212,1977805,1956244,1983544,1906627,1911056,1997814,2030445,2026201,2064687,2069628,2041115,2031550,2043425,2006171,1964521,1961490,1885966,1765321,1706628,1686320,1605174,1535712,1473968,1420198,1342491,1271856,1196921,1104978,1027028,948065,878784,798198,722617,650848,580423,529645,477636,414365,359319,316904,270230,230066,193876,164176,133297,108879,83421,61051,47669,36849,27328,19831,13689,9515,6444,4263,2744,1632,1047,661,783
1978,2351.6,2273.45,1120.55,0.203487128442354,0.199509385110605,,0.146214991223435,8.41,399.561,180.988,120.967,59.952,18.376,5.285,6.573,7.42,458.746,218.71,204.578,92.447,32.512,79.619,35.458,3423899,3252482,3234428,3259085,3229530,3343444,3678074,3814596,3706656,3643516,3658501,3732304,3896042,4171028,4222169,4291954,4383526,4230703,4057931,3761910,3343039,2911193,2500731,2204541,1906149,1570394,1376690,1150585,1065226,976477,926273,778316,610296,597143,596231,548317,486657,444282,422673,426223,402946,388669,383064,386433,369201,368253,385764,395341,400622,415732,428100,434447,444893,459385,462858,466326,481221,481179,472020,477140,498012,502372,510868,524450,542975,552343,564052,572163,570479,568171,565669,565185,555963,546584,534586,519111,516923,513090,486657,461851,451927,427617,401169,372857,347127,308441,276184,231018,186143,158976,134072,107707,84790,63295,47261,34350,24350,16813,11004,7396,12716,0,0,0,0,0,0,0,0,0,0,0,0,0,0,25725,35025,65353,172793,389926,687694,1148324,1481185,1767192,2041642,2227557,2491448,2625456,2576604,2732898,2814985,3005394,2742603,2314014,2418953,2562010,2477445,2269904,2126012,2069173,2127469,2033440,1968105,1946161,1974425,1897972,1899227,1983562,2014691,2010463,2039452,2043582,2012890,2003984,2015638,1977100,1935274,1930784,1855367,1736155,1666249,1645800,1563731,1492904,1428310,1371766,1292196,1220065,1147044,1057005,974653,897289,827080,748640,673684,602426,533074,482535,434936,372106,317499,278257,235296,198747,165770,138926,111416,89802,67946,49065,37763,28899,21098,15071,10250,7028,4691,3059,1929,1134,713,848
1979,2627.325,2565.575,1253.325,0.226385603341545,0.219457702292206,,0.15900571930449,9.4425,463.302,217.841,138.939,65.677,18.745,5.411,7.439,9.25,504.029,239.998,221.398,102.594,37.914,80.89,42.633,3448762,3432174,3262748,3248664,3276463,3246669,3360016,3698836,3828719,3719092,3658428,3671547,3746066,3909821,4157828,4226779,4275698,4289775,4039108,3801976,3367864,3048323,2652668,2295352,2035202,1677637,1467814,1300013,1096583,1027486,936656,908968,767427,603561,592802,594508,553657,492760,449205,428381,433503,411733,396358,389031,391681,374463,374304,393514,405217,412448,427620,440588,445670,454553,467701,470335,474420,490444,492036,484534,487171,509138,514825,524967,539275,558091,566434,576300,583197,580080,573403,570121,567692,557998,547162,532711,514645,510306,508771,477631,447075,434973,408245,379618,348772,321059,281904,249104,205439,163054,136841,113451,89478,69022,50417,36820,26163,18127,12234,7820,13345,0,0,0,0,0,0,0,0,0,0,0,0,0,0,24758,33566,62744,169942,373283,664515,1095547,1459625,1754900,1989472,2227290,2472830,2610239,2722050,2638901,2785435,2864893,3029547,2759875,2326429,2428684,2567649,2474905,2265819,2118609,2065538,2118616,2024240,1959165,1937551,1965889,1888610,1885615,1967198,1996339,1992461,2012306,2016600,1984873,1977628,1988823,1948122,1905104,1898580,1822360,1704239,1624157,1603362,1519389,1446818,1379776,1320813,1240245,1167280,1096425,1008098,921565,845434,774420,697770,623549,553527,485627,435547,392300,331210,278130,242129,202985,170169,140404,116202,91898,73076,54501,38764,29560,22290,16024,11255,7517,5060,3313,2114,1321,752,890
1980,2857.325,2791.9,1373.425,0.256951558512829,0.249209791649785,,0.173327988275403,11.46,517.112,244.069,157.803,64.6,24.329,6.389,7.174,12.748,590.941,276.323,262.085,117.053,44.967,100.065,52.533,3614912,3469594,3444933,3275560,3264919,3295340,3264969,3375758,3718653,3841882,3730913,3672513,3683714,3758438,3899418,4160198,4210574,4187040,4104704,3787977,3429275,3086636,2793444,2443436,2124002,1803783,1565684,1381505,1239010,1052936,983730,916196,892551,756124,597348,589271,598314,558668,497276,452886,434866,441363,418825,401778,393513,396536,380355,381086,402410,415886,424917,439007,451262,453961,461520,474227,477219,482418,500354,503746,496962,497104,521370,528632,539834,554333,572594,579315,586769,592625,588428,577694,573769,569712,559558,546759,529719,509112,502131,502125,466173,430093,415763,386739,356340,323736,294637,255446,222732,181121,141383,116812,95327,73933,56025,40156,28764,20043,13612,9009,14576,0,0,0,0,0,0,0,0,0,0,0,0,0,0,22639,32280,60415,161251,364499,632048,1055130,1389318,1730246,1979229,2177284,2473879,2599543,2710226,2800303,2688425,2841565,2893068,3050642,2775684,2336571,2435887,2566130,2471016,2261676,2110927,2059716,2107788,2015282,1951115,1929050,1956386,1877277,1869915,1948317,1975762,1972295,1984249,1990007,1958359,1952427,1962296,1918388,1873602,1864089,1786811,1670672,1580957,1558658,1472420,1398491,1329374,1268949,1188191,1114995,1045956,958874,868275,793185,721295,646496,573788,505454,439261,390273,351382,292781,242030,209408,174130,144791,117911,96232,75097,58893,43281,30557,22986,17083,12101,8355,5492,3631,2335,1473,904,957
1981,3207.025,3133.225,1511.4,0.283618794912266,0.277179376975369,,0.190775669983838,13.91083333,599.272,285.917,182.72,61.137,40.839,6.787,8.083,13.789,678.241,307.913,301.562,137.881,54.76,108.921,68.766,3661107,3613874,3470745,3448248,3279703,3269466,3300340,3273172,3387032,3731179,3855014,3751688,3691103,3705257,3759263,3912675,4159524,4138046,4022504,3870267,3426626,3156270,2826753,2566071,2248074,1875406,1663878,1453809,1297820,1178179,998763,956967,895151,877703,747796,594380,595419,606784,567411,506416,463442,448407,453878,429660,411615,403773,407695,392648,395166,417718,430964,440320,452804,462899,464511,471618,484694,489394,497260,517348,519908,513823,514758,538659,545973,557086,570949,586628,590512,594647,598535,594416,582836,577917,571472,560023,544042,524545,501397,491352,487794,449142,410586,392934,361668,329625,295939,265776,227197,195229,155958,119662,97132,77845,59295,44123,31040,21810,14901,9919,16143,0,0,0,0,0,0,0,0,0,0,0,0,0,0,20463,28429,57029,152646,343939,619117,1003273,1346247,1655324,1966152,2183730,2431526,2623602,2717571,2798557,2866552,2743831,2876220,2913084,3068203,2784471,2338757,2431378,2556536,2460147,2252159,2096550,2048109,2091271,2000546,1936515,1914278,1936632,1857924,1850350,1924568,1944262,1943300,1954566,1961094,1931562,1922540,1925302,1880427,1835244,1822217,1740356,1627329,1535745,1504322,1417287,1343737,1276171,1213929,1133429,1058156,987872,903720,814536,739673,667370,595399,524732,458644,395254,348078,310398,256121,209692,179686,147785,121201,97201,78182,60092,46362,33836,23519,17402,12698,8827,5980,3853,2494,1580,975,1047
1982,3343.8,3313.35,1587.5,0.301085055010142,0.298988838072731,,0.201278297860535,13.00166667,617.766,297.744,201.498,49.207,36.311,7.991,8.854,16.161,745.743,325.952,334.759,153.916,62.703,118.14,85.032,3686472,3660711,3616843,3473313,3453069,3285280,3275303,3307014,3283020,3400155,3745270,3869704,3773925,3711057,3709548,3776918,3910764,4097096,3985614,3801523,3527287,3160616,2907484,2599368,2359699,1991027,1721013,1539293,1361627,1231705,1118862,968237,936163,879035,868634,745049,600583,605052,617344,578431,519817,477690,463173,466779,441483,423384,416817,421428,407310,410850,434272,445908,454420,464710,473648,475587,483604,497618,504783,515189,536288,537743,532994,534227,556579,563026,573042,585779,598655,600277,601535,603896,599873,587416,581005,571356,558284,539271,517166,491296,478130,470929,429738,389044,368585,335794,302583,268177,237587,200242,169080,132882,100188,79895,62931,47120,34445,23786,16397,10990,18081,0,0,0,0,0,0,0,0,0,0,0,0,0,0,18579,25262,50451,144800,326244,584550,984114,1280041,1614082,1891015,2182843,2451106,2592326,2758397,2816183,2869519,2931443,2775745,2904985,2928235,3080219,2787862,2331884,2423427,2544783,2446937,2238315,2078409,2035103,2074120,1984462,1919457,1896167,1913742,1835458,1828363,1898773,1912124,1914671,1925726,1931931,1902874,1889410,1884635,1837905,1792370,1777023,1690746,1579655,1486731,1447737,1360722,1288651,1223218,1159489,1078774,1001194,929293,847741,760024,686058,614497,545727,477266,413851,353622,308466,272363,222578,180482,153028,124204,100368,79339,62829,47464,36408,26200,17918,13044,9366,6405,4267,2709,1728,1074,1176
1983,3634.025,3536,1677.5,0.31059792881345,0.310024635094353,,0.211083650089268,11.105,600.562,288.938,208.994,37.022,35.3,6.053,8.655,15.6,808.365,353.31,365.247,168.513,70.23,126.504,89.808,3736715,3696166,3662794,3620413,3476350,3458213,3291043,3281744,3314285,3293227,3412685,3758560,3883532,3795359,3713300,3727373,3777892,3850793,3955707,3777164,3480397,3274939,2917131,2687292,2392069,2098238,1826192,1588603,1442837,1294350,1172252,1085122,944961,920851,868439,865562,752074,608793,614964,628255,591994,535142,491057,476281,478475,453200,435843,430216,435323,421479,425863,449067,458038,465422,474604,483643,487124,496538,512138,521459,533252,555026,555821,551978,552618,572641,577633,586454,598185,608830,608611,607343,608225,604340,590550,581911,568803,554304,532141,507320,478860,462572,451694,408316,366079,343482,309661,275717,241289,210963,174825,145458,112564,83463,65437,50638,37225,26704,18099,12240,20448,0,0,0,0,0,0,0,0,0,0,0,0,0,0,16972,22776,45781,129795,310677,555116,925277,1257700,1534197,1854876,2107545,2455132,2626364,2730688,2864435,2889169,2932929,2969650,2799033,2926827,2936514,3084827,2780121,2321696,2413826,2531444,2430067,2221524,2060137,2022779,2057259,1967565,1900847,1876810,1889713,1812551,1806108,1873590,1881566,1887949,1897964,1902646,1872718,1854157,1840983,1792506,1747662,1729903,1638485,1529841,1436742,1391037,1304759,1234384,1170781,1104996,1023668,943705,870380,791354,705664,633357,563002,497209,431353,370977,314130,271411,237368,192127,154162,129048,103277,82327,64102,49912,37593,28461,20199,13604,9736,6876,4622,3028,1888,1186,1326
1984,4037.65,3949.175,1844.925,0.32416547004591,0.322397310139972,,0.223492081629126,12.43833333,666.438,298.415,239.376,56.893,37.361,6.01,11.37,17.013,851.806,379.447,361.257,176.052,76.07,109.135,111.102,3698139,3745316,3709044,3666787,3625264,3480370,3464196,3297736,3288943,3322076,3303828,3425318,3771965,3897463,3801084,3728805,3729915,3725731,3721054,3762078,3477144,3244192,3041274,2697809,2482560,2134951,1922696,1685643,1488170,1374795,1235535,1136571,1059978,927718,911591,864459,873437,761772,617434,625398,641992,607815,549706,502788,488325,490154,465619,448530,443639,448539,434897,439307,461304,467240,474525,483599,493878,499546,511085,527920,538184,550960,573793,573267,569577,569162,586225,589630,597365,608587,617206,615376,611606,610857,606497,590679,579577,563186,547022,521485,493885,462682,443098,428567,383557,340445,316008,281462,247336,213463,183238,149435,122248,92969,67724,52170,39629,28582,20109,13363,22702,0,0,0,0,0,0,0,0,0,0,0,0,0,0,15778,20620,42254,119684,279310,529418,876981,1181406,1513391,1766430,2082015,2375428,2642728,2778203,2837862,2942715,2954219,2973017,2999590,2816519,2942770,2938241,3078449,2769545,2310902,2403629,2515156,2410702,2205133,2043123,2011004,2039789,1949350,1881327,1856664,1865623,1789600,1784456,1849910,1852947,1861943,1869602,1871314,1839769,1815334,1794184,1745093,1700988,1680091,1584401,1478918,1385865,1334247,1248885,1179799,1117105,1048961,966785,884578,809983,733661,650684,580516,511681,449134,386264,329112,275945,236059,204368,163572,129491,106834,84245,66070,50505,39237,29128,21737,15186,10057,7083,4927,3258,2096,1280,1471
1985,4339,4265.125,1982.525,0.335601711880628,0.334586492123473,,0.233014035769711,10.62333333,734.037,334.531,265.163,61.331,35.992,6.422,12.079,18.519,946.344,415.792,401.074,186.432,86.742,127.9,129.478,3736174,3707744,3756145,3723360,3671898,3631270,3485465,3470947,3305254,3296805,3330468,3314595,3438112,3785558,3897084,3819499,3729365,3682077,3608972,3544813,3483710,3255924,3021806,2824871,2489752,2229507,1953367,1772805,1580629,1418531,1316434,1198019,1109726,1041432,916484,909373,870619,884170,771821,626441,638454,658031,622715,562481,513352,500401,502508,478121,461010,456314,460928,446805,450433,470936,474753,482895,492985,505193,513738,527001,543893,554576,568550,591782,589185,585388,583612,597505,599531,606663,617536,624305,621040,614672,611851,606332,588135,574548,554659,536700,507993,477677,443776,421035,403198,357159,313499,287490,252818,219196,185657,156807,125729,101070,75494,53985,40812,30407,21497,14822,24981,0,0,0,0,0,0,0,0,0,0,0,0,0,0,14488,18955,39281,112429,258761,475950,834061,1119685,1423115,1752885,1988112,2357864,2567643,2804424,2894353,2914017,3011031,2997532,3003834,3022659,2827761,2951310,2929310,3068597,2758097,2299410,2390358,2495954,2391653,2189942,2026717,1998582,2021028,1930396,1861317,1836565,1841598,1767317,1764159,1827903,1825342,1835841,1839806,1837614,1803382,1773440,1745650,1696156,1652134,1628742,1529903,1427581,1334827,1277724,1192916,1124429,1062303,991847,908874,824862,749734,676648,596722,528688,461802,402665,343067,289531,240408,203599,174266,137531,107207,87107,67574,52009,39722,30404,22218,16303,11206,7299,5053,3454,2246,1415,1616
1986,4579.625,4526.25,2102.325,0.342125568062819,0.343184452748395,,0.239930140334379,7.6825,769.155,348.959,283.901,63.143,32.919,6.958,13.327,19.948,990.382,438.52,415.845,196.547,93.44,125.858,136.017,3832893,3747967,3719044,3768545,3739017,3678199,3638387,3491310,3478672,3313649,3305444,3339652,3325776,3451223,3786841,3908450,3822696,3681504,3573047,3448962,3295671,3278504,3044797,2811893,2615394,2239578,2043241,1798825,1662590,1509879,1360083,1277258,1169835,1089760,1029488,912579,917170,879462,895202,782231,637937,653736,673094,635667,574011,523884,513090,514685,490111,472490,468052,471705,456423,459176,478953,481376,491508,503410,518278,529316,543197,559397,570482,585016,608063,603146,599182,596093,607019,608116,614638,625266,630281,625373,615829,610258,603296,582843,566557,543030,523188,491180,458022,421554,395969,375339,328832,285092,258047,223836,190253,158418,131388,103394,81597,59840,41961,31098,22701,15722,27321,0,0,0,0,0,0,0,0,0,0,0,0,0,0,12464,17156,37330,106504,244161,441593,746612,1065238,1352184,1654305,1987003,2252835,2567469,2733050,2926405,2976062,2978717,3059791,3031122,3027326,3038546,2831086,2949196,2917091,3057789,2745762,2284980,2374235,2477066,2373928,2175389,2009663,1984758,2001507,1910876,1841251,1816328,1818012,1746128,1745104,1806293,1797230,1807846,1807196,1800182,1763659,1729354,1695529,1645344,1602100,1576968,1475268,1375939,1283432,1220863,1136081,1067978,1006084,933286,849706,764684,689956,620338,543539,477951,413432,357748,301719,252070,207101,173354,146347,113722,87235,69638,52922,40748,30634,23065,16580,11969,8088,5185,3530,2368,1506,1771
1987,4855.25,4767.65,2256.275,0.35436754500642,0.352254252675904,,0.25523155939577,8.384166667,854.287,392.557,303.318,83.926,32.457,7.493,15.085,19.451,1004.017,444.161,421.245,205.072,100.828,115.345,138.611,3840439,3843920,3761201,3732151,3782798,3756551,3686390,3646754,3498317,3487775,3323361,3315401,3349512,3337597,3454976,3798955,3905023,3778665,3575881,3423601,3224509,3110886,3078673,2839788,2604225,2365203,2046235,1884526,1686481,1589897,1451788,1318062,1247859,1148787,1076595,1025932,918021,927638,888462,906529,795580,651565,668106,686145,647178,585542,534916,525527,526178,500985,483033,478344,480271,463874,466606,486258,488333,501377,515843,532942,545392,559006,574287,585041,599713,622431,615206,611268,607201,615367,615390,621358,631930,635017,627965,614657,606050,597594,574724,555665,528612,506684,471293,435518,397051,369337,346359,299808,256608,229129,194789,162791,133169,108450,83778,64877,46645,32049,23259,16630,29585,0,0,0,0,0,0,0,0,0,0,0,0,0,0,9921,14515,35079,103502,232270,417112,690432,952128,1290090,1579575,1883701,2261818,2460330,2748978,2855579,3010182,3044370,3026224,3097934,3056711,3043167,3045166,2824274,2943682,2904030,3046030,2729929,2267853,2358415,2459509,2356846,2160000,1991347,1970463,1981963,1891791,1821410,1796644,1795745,1726290,1726516,1784493,1767913,1777554,1771435,1760016,1722160,1684032,1644250,1594160,1552116,1525117,1420657,1323974,1231146,1162943,1078264,1010410,948475,873721,790218,705221,631434,565140,491774,429005,367197,315099,262998,217431,176586,145781,121201,92645,69786,54583,41591,31542,23328,17268,12206,8665,5757,3621,2426,1592,1926
1988,5236.425,5138.55,2439.8,0.368896770192205,0.366828844466929,,0.267802051425919,8.845833333,909.238,401.181,334.335,94.508,35.227,7.594,16.198,20.195,1064.415,464.417,448.195,216.808,107.368,124.019,151.803,3900697,3855390,3856149,3776244,3747015,3798840,3775920,3695149,3655647,3506142,3497417,3333457,3325707,3359319,3341246,3467429,3796639,3855211,3677851,3432126,3216437,3058403,2928333,2879920,2633217,2361486,2163525,1881845,1771441,1613863,1531597,1407682,1286102,1225954,1134798,1072425,1032193,925888,938078,897544,921068,811428,664208,680512,697662,658681,597535,545397,537004,536265,510760,492086,486475,486616,469998,473247,493795,496452,513218,529737,548037,560957,573996,587486,597544,612364,634956,625690,622329,617598,622688,621579,627189,637506,638112,628303,610922,599194,589001,563625,541818,511260,487181,448756,410774,370769,341139,316043,270069,228092,199630,166929,137064,110074,87976,66655,50586,35621,23959,17030,31708,0,0,0,0,0,0,0,0,0,0,0,0,0,0,8169,11294,31187,99547,227026,396883,649399,880599,1154740,1515585,1809482,2148583,2488001,2638303,2884083,2937525,3078703,3097585,3062359,3127384,3074182,3048913,3040809,2813930,2936996,2889832,3030095,2710597,2250842,2343760,2442649,2338848,2143192,1972632,1956017,1962702,1872686,1801813,1777823,1774391,1706499,1707404,1760964,1735919,1743490,1732355,1717526,1678990,1637357,1592822,1543105,1501833,1472661,1365531,1270867,1177477,1104290,1019751,951832,889845,813763,731080,646814,574316,511430,441729,381955,323320,275118,227157,185581,148586,120738,98724,74093,54672,42946,32270,24110,17553,12764,8858,6176,4029,2483,1624,2073
1989,5641.6,5554.675,2583.075,0.38657096206188,0.384234472073478,,0.278405378427779,8.498333333,991.104,445.69,359.416,103.291,34.386,8.745,16.334,23.242,1143.743,488.832,485.93,230.395,117.314,138.221,168.981,4008650,3914001,3871805,3870340,3793269,3763947,3817067,3796045,3704809,3665446,3514939,3508118,3344523,3336358,3362615,3352344,3466539,3750815,3750226,3539228,3236276,3062149,2890355,2742044,2675200,2395646,2156992,1992074,1765453,1701050,1556785,1484554,1374236,1261913,1211466,1130487,1077819,1041001,933571,948523,909561,938343,826034,674844,691324,709092,670523,608685,554586,546942,545096,519046,499062,492602,491727,475332,480067,502559,506488,526520,544101,562507,575450,586995,598402,607848,623209,645984,635249,632749,626954,628772,626767,631802,641303,638819,625925,604455,589435,577242,549313,524535,490303,463969,422851,383166,342035,310792,284035,239128,197527,169885,139460,112229,88249,69017,51131,37923,26088,17150,32539,0,0,0,0,0,0,0,0,0,0,0,0,0,0,6792,9015,25848,91041,219137,388375,614386,827551,1071326,1362380,1747947,2070396,2374547,2683000,2767058,2975213,3002554,3134405,3138583,3089351,3148116,3080630,3043743,3032561,2802441,2929110,2871522,3010033,2691151,2234579,2329375,2424538,2319208,2125892,1953952,1941914,1943484,1853811,1783066,1759714,1753027,1686154,1686429,1734334,1700131,1706044,1690891,1673469,1634607,1590557,1541648,1491760,1450484,1418754,1308665,1215682,1122218,1044620,960002,892073,830344,753722,672428,589430,518765,459354,393333,336741,281665,237378,193530,155793,122692,97967,78491,57533,42595,32908,24282,17782,12677,9022,6128,4178,2663,1597,2096
1990,5963.125,5898.75,2741.175,0.407520077388008,0.402819697936495,,0.291265363128616,8.55,1031.958,466.884,380.047,93.507,35.345,11.5,16.707,27.968,1252.993,500.578,568.068,246.495,136.906,184.667,184.347,4130948,4022445,3929226,3890004,3886156,3811907,3782472,3835486,3816685,3715051,3676200,3524662,3519577,3356466,3342552,3373121,3351547,3428893,3655253,3610411,3354358,3090187,2903042,2713941,2547108,2443883,2187485,1983876,1873390,1693840,1648310,1508276,1449093,1349309,1245452,1207726,1135810,1085927,1049784,941323,962254,924368,954472,838448,684065,702242,720953,681369,618395,562163,555766,552550,525403,504304,497772,496164,480978,488357,513595,518113,540567,558053,575906,587887,597767,607361,616854,633298,656951,644831,642624,635519,634248,631135,635133,643324,637381,621298,595584,577249,563146,532651,504838,467219,439012,396000,355126,313247,280967,253157,208498,169283,142986,115135,90768,69864,53447,38711,28075,18886,33584,0,0,0,0,0,0,0,0,0,0,0,0,0,0,5330,7167,22430,78060,201735,374583,598117,781704,1009634,1272176,1580081,2008242,2302589,2569384,2825496,2850643,3049063,3058425,3177894,3170505,3107709,3157435,3076741,3035226,3023993,2790538,2917863,2849860,2990606,2673350,2219213,2314319,2405232,2299779,2109456,1936352,1928380,1924856,1836092,1765313,1741956,1731647,1664651,1663036,1704270,1661623,1666687,1648537,1629170,1590979,1544632,1490974,1440337,1398752,1363799,1250776,1159763,1066387,984426,899972,832504,771502,695006,615423,534331,465924,409873,347715,294653,243430,203016,163171,129290,100045,78256,61259,45148,32908,24991,18101,12984,9056,6307,4194,2790,1738,2130
1991,6158.125,6093.175,2814.475,0.424700431650548,0.424078679847505,,0.302119537607327,7.858333333,1054.988,467.827,396.015,98.086,42.402,11.138,15.949,23.571,1324.225,533.278,596.499,266.765,154.578,175.156,194.448,4260314,4140017,4031628,3938660,3899718,3897773,3824279,3799366,3856380,3837130,3748120,3708473,3557559,3555849,3387314,3378223,3395457,3339948,3366174,3539981,3436923,3201285,2924010,2710758,2508319,2314397,2214688,2002328,1856152,1787715,1631322,1581598,1458656,1406903,1318349,1228645,1199020,1132385,1083502,1047648,947193,970084,934434,962999,845801,691667,710986,730130,690023,625643,571612,564213,561708,533843,512845,506866,505801,492809,503003,530165,536510,557616,574789,590511,601205,611153,621543,631216,647745,670707,657607,652297,644459,641302,636604,638641,644259,635083,615675,586712,565179,547618,513925,482853,442682,411832,367685,325965,283957,251194,221427,179250,142892,118362,93429,72161,54382,40713,28857,20480,35826,0,0,0,0,0,0,0,0,0,0,0,0,0,0,5133,6795,21848,73229,178719,352225,587275,775977,974021,1221138,1500015,1834110,2254326,2508840,2714492,2918607,2933014,3120551,3119593,3224925,3207421,3132628,3166725,3084548,3040062,3022068,2791804,2904261,2840636,2977550,2662114,2209453,2299920,2388936,2283102,2090164,1923397,1907763,1905696,1816464,1745913,1722823,1708011,1639241,1633238,1667907,1626680,1625401,1607283,1584942,1545126,1498258,1443809,1389878,1343586,1303065,1191816,1098537,1006292,923710,840322,772904,712608,637520,560401,482684,417016,363245,305058,255766,208817,171816,135865,105800,80281,61456,48447,35113,25134,18730,13286,9330,6377,4350,2827,1835,2257
1992,6520.325,6416.25,2965.575,0.43761818630667,0.437001834079476,,0.317685932496004,7.01,1091.208,475.964,413.688,100.27,45.569,11.143,17.359,27.215,1381.53,533.804,648.382,285.167,184.005,179.21,199.344,4200941,4267294,4151470,4041933,3949185,3910599,3910697,3838406,3817733,3878716,3858826,3782123,3741702,3591383,3587669,3422478,3401616,3383666,3285458,3270796,3374034,3293376,3026901,2735456,2502629,2279792,2098856,2024027,1873021,1771748,1711807,1564446,1520812,1412924,1369495,1295215,1217236,1189983,1126758,1080040,1048601,956130,977054,942286,969524,853214,699781,719206,738880,698924,634164,582432,573394,571572,543392,522519,518052,518483,507889,519922,547778,554662,573730,590172,604349,614560,625445,636971,646912,662919,683932,669353,661179,652397,646856,640084,639706,642540,629972,607151,575092,550226,528977,492165,458123,415810,383151,338129,295951,254222,220116,190851,151777,118744,96432,74562,56380,41592,30470,21143,38645,0,0,0,0,0,0,0,0,0,0,0,0,0,0,5508,7012,21587,71998,168520,313720,556304,769427,973611,1190632,1449953,1751620,2071301,2461889,2659493,2816557,3001923,3019736,3185814,3176774,3266986,3236268,3151860,3175935,3094237,3045601,3016449,2789365,2890903,2833216,2965966,2650011,2198331,2285097,2372091,2265406,2068844,1908262,1885707,1885157,1795082,1724592,1700613,1680125,1609217,1599689,1628900,1590227,1583342,1565725,1539880,1497442,1449243,1393835,1336337,1285751,1240872,1131682,1036066,945070,862348,780559,713788,654556,581417,507121,432873,370310,319304,265269,219758,177090,143170,111342,85111,63283,48763,37830,26951,18938,13830,9611,6611,4418,2951,1871,2400
1993,6858.55,6775.325,3079.35,0.450613915650128,0.450370614319445,,0.320418106146403,5.873333333,1154.334,509.68,428.299,117.52,48.057,12.577,18.802,19.399,1409.385,539.753,670.919,301.985,203.676,165.258,198.713,4145660,4207669,4276289,4163817,4053315,3960934,3922741,3925389,3854357,3837976,3902726,3882076,3817641,3776527,3621497,3625172,3447382,3394259,3332819,3203149,3131196,3238795,3128246,2832983,2534107,2277532,2071786,1922822,1891626,1787963,1698194,1634643,1507609,1469884,1377320,1344968,1282087,1210192,1183354,1124270,1083526,1055999,966546,983483,949693,977611,862565,708385,727914,748479,709376,643803,593414,582271,581385,552848,532973,530875,532977,523781,536608,563912,570944,587551,603887,617155,627520,639443,652098,661715,676086,694733,679234,668103,658104,649798,640631,637736,637545,621522,595496,560275,531866,506901,467298,430644,387511,352988,307614,265607,223506,190380,162121,126448,96941,77090,58345,43167,31159,22348,41018,0,0,0,0,0,0,0,0,0,0,0,0,0,0,5654,7550,21571,70037,164718,295528,498067,728849,969795,1192393,1421359,1696554,1983116,2268972,2610950,2765449,2907102,3085809,3095591,3240294,3222735,3294959,3253885,3165583,3181606,3099614,3042940,3003171,2784319,2876911,2825089,2951646,2634925,2185858,2269001,2353712,2245329,2045514,1892018,1863075,1863743,1772794,1701399,1675555,1649058,1577002,1565060,1589953,1553948,1541849,1523916,1493731,1448001,1398271,1341506,1280928,1227168,1178320,1070590,973013,883583,801346,721604,655784,597887,526992,455604,385161,326180,278280,228466,186892,147722,117470,89744,67279,50280,38123,29041,20260,13933,9955,6766,4550,2972,1934,2501
1994,7287.25,7176.85,3236.575,0.46231007196567,0.46208795700036,,0.329017839137971,7.08,1258.566,543.055,461.475,140.385,55.225,15.225,20.099,23.102,1461.752,541.34,717.48,316.913,223.867,176.7,202.932,4072355,4153418,4216621,4286215,4177130,4065628,3973672,3936722,3941842,3871812,3859611,3927842,3906000,3853766,3805885,3655647,3649946,3439933,3346887,3252175,3074156,3016026,3080163,2940493,2625175,2315060,2072233,1901057,1799761,1802683,1713069,1622957,1568947,1461171,1430539,1354630,1330652,1273929,1205945,1180338,1129187,1093635,1064850,976199,989219,958572,987958,872526,717498,737377,759586,720867,653300,603888,590846,590980,562948,544781,545210,548003,539195,551669,577947,584977,599593,616416,629296,639885,652881,666170,674402,686783,703442,686974,672512,660792,649192,637335,631491,627999,608537,579050,540472,508552,480122,437965,400147,355517,319430,274290,231872,191870,160424,133805,102043,76438,59370,43879,31697,22351,42373,0,0,0,0,0,0,0,0,0,0,0,0,0,0,6066,7754,22506,68754,159212,287887,470948,653535,919926,1194855,1426682,1670875,1923940,2177296,2413256,2715969,2860428,2998289,3157052,3159911,3282123,3254761,3311634,3265406,3175318,3182593,3096615,3032748,2987597,2779127,2862772,2814620,2934001,2618120,2171951,2251106,2332572,2222839,2020980,1874925,1839493,1841240,1748446,1675221,1647081,1615564,1543310,1529761,1550602,1517350,1499535,1480139,1444982,1396009,1344573,1286835,1224147,1167419,1114179,1007883,908990,821466,740204,662578,597930,541531,473012,404935,338843,283836,239214,193865,155170,120604,94150,70501,53014,38982,29023,21654,14769,9929,6927,4590,3016,1921,2562
1995,7639.75,7560.425,3418.025,0.475279809642717,0.475220817589036,,0.342206100216574,6.58,1351.79,590.244,484.473,157.004,57.484,14.763,19.301,28.521,1515.742,544.761,738.847,333.273,245.954,159.62,232.134,4021833,4083291,4163850,4227157,4297685,4191915,4079433,3987905,3951598,3958991,3889676,3881353,3952587,3929245,3882986,3838036,3675784,3640147,3391921,3269018,3122325,2967454,2876574,2896886,2734921,2398982,2113376,1902176,1780182,1715927,1723269,1636013,1559153,1515325,1426511,1404466,1341719,1321696,1268996,1205502,1185081,1140740,1104818,1072257,984800,996161,969513,998871,883064,727307,748184,771607,732089,662052,614007,599162,601207,574293,557966,560096,562561,553150,564979,589965,597568,610677,628492,641070,651933,665530,678458,685087,695954,710602,692930,674629,660785,645743,630931,621991,615175,592130,559028,517168,482006,450251,407612,367736,322242,285180,239717,199167,161754,132605,108350,80883,59286,45043,32549,22999,43832,0,0,0,0,0,0,0,0,0,0,0,0,0,0,6284,8279,22336,70410,155082,277290,459822,618128,827330,1136223,1438138,1679053,1902074,2114614,2319986,2516692,2809832,2955765,3076202,3214381,3210614,3308891,3275201,3321213,3272024,3179809,3174461,3085526,3019993,2971965,2773551,2845931,2800361,2913970,2599189,2155988,2230497,2308978,2198974,1995729,1856830,1814903,1816606,1721264,1646051,1616506,1581002,1509326,1494348,1511431,1480120,1455911,1434363,1394420,1342213,1289426,1231520,1166840,1106703,1049335,944871,845575,760423,680494,605256,541998,487057,421281,357036,295510,244479,203420,161076,126850,96827,74148,55573,41050,29641,21638,15801,10540,6927,4721,3066,1963,2615
1996,8073.125,7951.325,3616.475,0.489237222845931,0.488327464883123,,0.35894182387365,6.438333333,1453.053,656.417,509.414,171.824,54.014,17.189,18.67,25.525,1560.484,532.733,786.698,347.051,263.262,176.385,241.053,3963653,4036389,4097039,4176022,4239176,4310507,4207812,4093410,4002410,3966612,3976023,3907085,3901962,3976007,3944607,3914569,3855664,3662447,3589463,3314395,3141346,3015440,2835250,2711096,2693737,2508319,2189709,1944987,1780090,1696479,1640135,1641641,1570848,1508060,1475002,1404808,1388351,1334457,1316446,1268268,1213006,1196591,1153074,1114118,1078194,994517,1005271,981099,1010581,894515,738400,759787,783233,742355,670202,623798,607930,612490,586825,571497,574397,575533,565333,576386,600480,609187,621178,640088,652336,662976,676249,688599,694141,703439,715570,696098,673538,657470,638793,620930,608931,598566,571647,534973,490240,451938,419075,374344,332943,287271,248935,205620,167627,133382,107032,85560,62447,44748,33218,23474,44912,0,0,0,0,0,0,0,0,0,0,0,0,0,0,6498,8581,23094,68469,157517,268938,444230,602782,784130,1026030,1370747,1700584,1912379,2097719,2254996,2423315,2609879,2903483,3036912,3139310,3256446,3246400,3323692,3288038,3325243,3272752,3174710,3157883,3071908,3007373,2956242,2765327,2825287,2783764,2891540,2577937,2137477,2207613,2284151,2174586,1969742,1837550,1788234,1789064,1691118,1614838,1584655,1545945,1474969,1458802,1471618,1441227,1410223,1386425,1341739,1286722,1233327,1175221,1108046,1044557,983537,881381,782522,699888,621669,549010,487321,434243,371840,311736,254834,208162,168894,131573,101783,76229,58312,42946,31135,22018,15728,11239,7331,4706,3144,1987,2672
1997,8577.55,8451.025,3876.85,0.500673464680649,0.501696245123093,,0.379886410828117,6.3525,1579.232,737.466,539.371,182.293,56.924,19.845,17.928,25.405,1601.116,547.037,810.095,362.296,282.993,164.806,243.984,3945102,3978670,4052681,4111662,4188848,4251794,4323912,4223801,4107980,4017255,3981899,3993092,3924406,3922323,3992465,3963684,3933201,3841470,3612104,3511387,3189032,3039241,2883636,2677038,2526755,2472072,2298583,2015071,1824357,1694891,1620905,1562831,1573461,1520193,1471459,1448922,1393354,1379127,1331922,1316432,1276576,1227857,1209204,1163685,1122149,1085633,1006827,1015403,993889,1023676,907756,750426,771124,793953,752071,678156,634334,617844,625116,599826,584585,587369,586957,575911,586573,610118,620369,631316,651368,662814,672316,685106,697436,701877,709168,718027,696246,669290,650699,628285,607525,592291,577925,547059,507120,459586,420938,385108,339113,296951,250862,213450,172942,138225,107796,84738,66317,47358,33204,24113,46286,0,0,0,0,0,0,0,0,0,0,0,0,0,0,6689,8833,23186,69367,151846,272150,432469,582380,765810,976455,1243822,1624084,1946188,2110784,2245505,2358308,2518347,2704450,2983652,3103648,3188049,3284402,3272185,3331861,3296456,3324466,3264781,3162459,3140453,3060287,2996337,2939138,2754346,2803394,2765693,2867547,2554678,2117655,2184477,2259615,2150144,1943495,1816922,1759751,1759417,1659721,1583153,1552881,1511038,1440752,1422700,1430503,1400378,1362862,1336679,1287667,1230639,1176621,1117621,1047987,981678,917833,818325,720230,640269,564138,494178,434523,383801,325036,269072,217220,172793,138035,105723,80295,59959,45040,32537,23123,16018,11189,7818,4981,3123,2035,2733
1998,9062.825,8930.8,4181.625,0.50841891920342,0.510163139275074,,0.399769155288086,5.264166667,1721.728,828.586,571.831,188.677,57.673,24.076,18.297,32.588,1652.458,551.995,859.345,376.119,291.472,191.754,241.118,3922280,3956579,3995228,4069322,4126681,4202166,4265040,4337198,4239609,4122702,4032193,3997108,4010019,3941123,3935309,4012373,3969681,3920558,3790029,3534987,3381460,3088687,2910904,2724349,2498999,2324910,2266383,2122535,1888314,1739614,1617266,1543627,1498564,1520835,1484695,1448756,1433166,1388938,1375085,1334737,1325717,1292297,1243382,1219345,1172478,1131444,1095685,1020112,1026647,1007868,1038462,921742,761914,781284,803850,761428,686610,645735,628675,637921,612151,596251,598867,596822,585357,596001,619295,631200,641020,661830,671596,679860,692709,705005,707931,712520,717534,693368,661813,640607,614681,590742,571727,553245,518817,475604,428516,387075,348964,302468,259343,215035,179375,142343,111351,84955,65291,49934,34843,23880,47129,0,0,0,0,0,0,0,0,0,0,0,0,0,0,6695,9089,23055,68237,152461,261113,439240,566628,741578,956718,1188968,1479496,1861270,2157703,2260840,2356919,2453695,2614753,2785742,3048111,3154968,3222642,3301899,3290782,3334798,3299320,3314062,3248997,3149042,3124945,3049934,2983368,2918621,2741500,2779481,2745299,2840545,2529283,2097062,2161335,2234836,2124955,1915519,1793921,1728978,1728207,1627619,1551349,1521096,1476282,1406029,1385384,1387739,1357575,1313591,1285228,1232926,1174047,1118645,1058465,986787,918435,852493,755775,659165,582120,508227,441227,384093,335979,280993,229779,180337,141199,110899,83393,63046,46214,34046,24106,16768,11351,7750,5286,3286,2008,2781
1999,9631.175,9479.625,4457.925,0.519569254890904,0.519468858853876,,0.422047624739553,5.636666667,1827.452,879.48,611.833,184.68,70.414,27.782,18.336,34.927,1701.842,572.113,899.974,386.991,296.301,216.682,229.755,3969870,3933433,3969400,4011607,4086542,4142399,4216174,4278047,4350447,4255835,4137651,4047354,4012400,4026637,3950745,3952300,4020313,3946652,3872688,3712772,3406572,3279096,2961104,2753151,2543720,2303514,2136594,2092771,1994307,1797762,1661728,1537892,1479508,1449707,1484089,1463059,1435956,1424931,1389905,1376722,1347031,1342494,1308399,1255979,1227194,1182294,1143356,1106696,1034594,1039044,1023416,1053891,934844,772068,790455,813200,771180,695696,657880,639450,649845,622857,606289,608731,605444,593901,604766,627897,641501,649823,670539,678510,686032,698954,710716,711365,712669,713710,686958,650759,626937,597154,569596,546773,524409,486265,443588,394028,350561,310929,263928,222129,180571,147476,114486,87568,65287,49017,36607,24955,47290,0,0,0,0,0,0,0,0,0,0,0,0,0,0,6845,9111,23015,66168,148637,260994,423082,575271,722887,930129,1168871,1418917,1701272,2065882,2320949,2374281,2461099,2550330,2697418,2850977,3096064,3191909,3246819,3311314,3303347,3331486,3292202,3295634,3232108,3137693,3110727,3037312,2966459,2895976,2726217,2753156,2722009,2811289,2503081,2076499,2137971,2209168,2097747,1885323,1768501,1696663,1695984,1594975,1518901,1488606,1440448,1369613,1345947,1342961,1312633,1262794,1232892,1177271,1115804,1058730,997592,924622,854991,787466,693888,599286,525060,453787,390295,336114,290759,240329,190814,147478,113556,87576,65454,48604,34945,25222,17462,11866,7848,5226,3484,2111,2801
2000,10250.95,10117.075,4824.975,0.537061506655191,0.535616248320192,,0.445386828579601,6.029166667,2025.191,1004.462,652.852,207.289,68.865,29.01,19.914,42.799,1788.95,614.626,951.375,406.048,313.256,232.071,222.949,3979672,3978943,3945317,3982050,4029087,4104915,4159263,4230507,4291571,4364277,4273034,4153588,4063493,4028360,4036758,3965228,3958808,4000827,3890977,3800688,3582424,3306310,3147165,2802921,2573308,2346501,2121114,1977364,1965619,1903055,1714508,1582097,1472538,1431792,1416891,1461475,1451346,1431144,1422793,1396966,1388314,1366870,1359408,1321078,1266028,1236093,1194992,1156395,1119050,1050365,1053017,1039595,1068293,946181,781111,799005,822881,781463,705295,669895,649289,660200,632057,614908,617553,613312,602020,613206,636070,651007,656958,677539,684255,691031,703477,713900,711655,709456,706053,676380,635625,608858,574856,543713,517355,490658,452883,406871,355614,311033,270088,224837,185327,147370,117655,89192,66589,48436,35476,25858,47373,0,0,0,0,0,0,0,0,0,0,0,0,0,0,7099,9295,22326,64674,142317,253410,424945,553707,735639,910341,1141450,1398427,1636591,1894655,2225126,2448358,2481336,2567673,2633343,2764052,2900550,3130106,3219078,3263087,3314543,3309656,3318000,3277093,3276407,3217902,3128105,3094662,3020851,2947375,2870876,2708478,2724263,2696909,2781664,2477287,2055714,2113625,2181317,2068186,1853012,1741485,1663720,1663494,1561996,1486136,1455216,1403294,1331672,1305050,1296667,1266095,1211210,1179469,1119966,1055737,997270,935821,862181,791451,722809,632481,540139,469046,401144,341459,290362,248512,199012,155582,118238,89421,68433,50187,36500,25670,18090,12232,8107,5230,3396,2206,2826
2001,10581.925,10525.725,4953.65,0.552188535489959,0.553231582283446,,0.456012179186553,5.0175,1991.082,994.339,693.967,151.075,66.232,28.4,19.369,37.7,1862.846,649.041,1007.638,429.368,347.134,231.136,206.167,4078007,4001399,4001396,3962074,3997089,4043348,4116178,4170696,4243788,4303475,4381835,4289160,4170526,4083454,4040172,4055472,3977936,3947391,3962457,3831930,3681911,3490319,3183455,2985265,2628156,2380811,2164673,1963820,1861121,1869912,1815549,1629567,1513781,1424370,1399129,1397764,1447818,1444430,1431166,1426417,1413366,1407059,1383670,1372463,1329418,1276134,1248251,1206289,1170445,1132141,1067386,1066912,1052206,1080353,956378,789505,807556,832094,793497,715794,681151,658744,669202,640510,622652,625203,619898,607967,621199,641580,658253,661034,682022,689118,694389,705836,714447,709344,703803,696637,663486,619262,588368,550489,515602,484753,457964,416288,368018,316115,270660,230337,187650,151198,117451,91548,67715,49301,34980,25002,47881,0,0,0,0,0,0,0,0,0,0,0,0,0,0,7228,9661,22112,61347,138078,241890,415892,557232,711318,931623,1125006,1372333,1617914,1825523,2048166,2344984,2565897,2590600,2654425,2699364,2811622,2937515,3152771,3230080,3268926,3309410,3303410,3295348,3254477,3260492,3202498,3114453,3075268,2995651,2924329,2841729,2687212,2692610,2665335,2752298,2452430,2033978,2086680,2149150,2040087,1822752,1714265,1633538,1631054,1530119,1452652,1419230,1362573,1288290,1262357,1245320,1216620,1155676,1121629,1060603,993700,934658,873670,799860,729208,660905,573152,484729,416743,352534,296299,248954,206142,162577,125017,93339,69898,52474,37677,26776,18381,12632,8318,5376,3371,2129,2875
2002,10929.1,10828.875,4995.85,0.560999639914334,0.562039249265073,,0.460585470817236,4.610833333,1853.136,858.345,700.76,148.044,66.989,26.507,18.602,33.889,2010.894,733.95,1105.995,452.073,378.893,275.029,170.949,4046670,4091181,4023155,4023942,3980631,4014167,4060013,4127412,4183700,4259854,4318248,4401051,4306742,4189144,4097472,4059018,4068035,3971349,3912865,3905917,3716686,3591982,3364520,3024895,2797698,2436734,2200790,2010290,1847546,1777497,1781176,1726317,1560487,1464249,1393537,1379980,1387949,1443081,1444633,1438104,1440699,1437663,1425641,1396343,1382387,1338861,1289642,1261996,1219571,1186299,1147040,1085102,1079822,1062817,1090853,966097,798441,816561,841697,805312,725461,691217,667108,677237,648344,629987,632656,626360,613715,628768,645896,664371,664531,686009,692989,695882,705742,712346,703962,694798,683905,647041,598980,563900,522460,483493,453240,421491,376792,327290,275438,231281,192722,153456,120704,91451,69496,50092,35545,24601,47499,0,0,0,0,0,0,0,0,0,0,0,0,0,0,7447,9822,22259,59276,129464,233369,399511,545557,718033,906099,1155369,1358577,1593609,1812847,1976388,2172029,2460185,2687040,2685420,2723658,2749445,2846984,2966311,3167421,3234522,3268231,3293943,3289445,3273055,3236098,3247608,3185937,3097292,3054201,2968422,2899466,2810812,2665194,2661818,2635531,2724015,2427521,2011321,2058756,2115856,2011368,1792737,1687462,1603600,1598655,1497833,1418467,1382456,1321167,1244290,1218929,1194075,1166736,1099449,1062734,1000482,931685,872406,811750,738138,667929,600103,515434,431575,367052,306660,254783,206833,168744,130926,98951,73080,53711,39486,27714,19206,12850,8597,5514,3470,2119,2872
2003,11456.45,11278.75,5138.275,0.573891403215944,0.574857550318691,,0.471844658008432,4.015,1782.314,793.699,712.978,131.778,67.524,21.959,19.862,34.514,2159.899,824.339,1182.487,470.453,410.757,301.277,153.073,4045336,4063568,4105069,4045077,4048222,4000756,4033066,4075937,4139185,4198330,4277185,4333338,4419997,4323987,4199237,4116425,4070548,4061878,3943180,3858251,3789623,3630130,3466960,3197665,2836227,2590072,2253163,2043616,1892476,1758928,1695932,1687876,1651471,1508983,1430850,1373935,1367973,1385257,1444236,1450652,1454558,1461562,1460417,1438458,1404530,1392347,1350917,1303983,1277098,1233914,1203309,1161787,1101175,1089960,1071243,1100255,975926,807326,825496,850636,815871,733589,700066,674468,684522,655673,637023,639857,632400,618797,635074,648945,669825,667416,688857,694848,694752,702895,707094,695198,682383,667213,626039,574231,535416,490058,452574,417468,381666,335078,285099,235083,193087,157140,122114,93694,69207,51250,35998,24907,46781,0,0,0,0,0,0,0,0,0,0,0,0,0,0,7744,10122,21917,58049,123599,217372,387647,524197,705810,919032,1129416,1396561,1580816,1788433,1967677,2094065,2288250,2574025,2787951,2756948,2771190,2782947,2870358,2983458,3171699,3228921,3253928,3268017,3273242,3252786,3218700,3231318,3163550,3076325,3028941,2937520,2871024,2777870,2642646,2631647,2605760,2694541,2400500,1987135,2029339,2081620,1982179,1762595,1660151,1573005,1565255,1464325,1383140,1344418,1278591,1199366,1174838,1142321,1115240,1041794,1002655,939790,869703,810119,750038,677018,607321,540470,459652,380724,319734,264099,211667,169308,135930,103642,77317,55978,40230,28881,19778,13362,8708,5677,3546,2167,2863
2004,12217.175,12028.425,5421.025,0.589200372156099,0.58809526408572,,0.493779614625781,4.274166667,1880.114,808.959,733.407,189.371,69.855,24.831,21.083,32.608,2292.841,895.065,1237.531,491.537,445.728,300.266,160.245,4118163,4062330,4079875,4117320,4066803,4072117,4020462,4048956,4090269,4150233,4212035,4293162,4346943,4437258,4331208,4212875,4125151,4059547,4029151,3893344,3744284,3704236,3508257,3297381,2998251,2627826,2391583,2092179,1922356,1800492,1671626,1608873,1609230,1596124,1474723,1409041,1361150,1363067,1388351,1451316,1466307,1477555,1480516,1477063,1446403,1412610,1405057,1363788,1319675,1293218,1249097,1219764,1174279,1114110,1097474,1078299,1109395,985136,815584,833230,857684,824384,740119,707630,680779,690897,662282,643376,646303,637533,622453,640151,651343,674767,669288,689808,694227,691103,697135,698598,683274,666405,646403,601067,546058,502926,459824,417719,378708,339937,292376,243720,196602,157782,125391,95102,71174,51258,37020,25353,46811,0,0,0,0,0,0,0,0,0,0,0,0,0,0,8103,10509,21845,55460,119149,206121,363270,508094,680566,908252,1150441,1369423,1625076,1776394,1943066,2088412,2203352,2402997,2666758,2863313,2805485,2801758,2804529,2881564,2989963,3165510,3209474,3229257,3240362,3259606,3234043,3198171,3209081,3137109,3050699,2999499,2902719,2840039,2744189,2620204,2601196,2574428,2662342,2371228,1960865,1998231,2046204,1951848,1731062,1631096,1540453,1529672,1428788,1345779,1304427,1234436,1153606,1129482,1089060,1061589,982816,942003,878998,807800,748181,688865,616530,547993,483098,406589,332608,276308,219950,173768,136800,107981,81156,59343,42051,29551,20720,13847,9127,5802,3680,2243,2926
2005,13039.2,12839.95,5691.375,0.609031855183495,0.606365930413678,,0.511847143081264,4.29,2153.611,927.222,794.125,278.282,73.094,24.764,23.379,32.745,2471.957,968.541,1319.43,518.712,481.183,319.535,183.986,4145865,4134432,4079252,4095520,4131355,4090687,4098485,4040502,4066379,4106886,4163941,4227845,4311581,4362885,4448449,4347042,4222371,4119577,4032923,3986097,3790478,3670141,3589673,3347788,3100744,2785733,2434154,2222417,1971839,1830717,1714206,1583589,1539364,1553815,1562586,1454898,1396376,1357884,1366204,1399192,1469821,1489913,1499780,1494076,1489706,1455217,1424451,1419649,1379150,1337438,1311101,1264389,1234598,1183974,1125052,1104306,1085683,1118339,994074,823190,839772,863330,831966,746076,714901,686881,697113,668726,649523,652414,641819,625483,645203,653804,679321,669915,689014,691991,685634,689279,688031,668792,647232,622306,573379,514729,474278,426681,381092,339439,298824,252027,205693,162223,127182,98679,73039,53328,37481,26430,47896,0,0,0,0,0,0,0,0,0,0,0,0,0,0,8452,11006,21983,53674,112146,197346,347929,476633,662857,883157,1145922,1402354,1601278,1830295,1937237,2069037,2206879,2316419,2503113,2738615,2918971,2841446,2824869,2818244,2886301,2990180,3149167,3183117,3206144,3218666,3250393,3214686,3173950,3184948,3108278,3023091,2968239,2867685,2810356,2712939,2599377,2571134,2542427,2629769,2341581,1934665,1967767,2011596,1921615,1699367,1601409,1507190,1493529,1392435,1307701,1263907,1190433,1107819,1083167,1034938,1007055,924215,882206,819056,747270,687945,629241,558144,491586,429035,356779,288920,231131,181562,141353,109532,85234,62850,45011,31180,21369,14596,9500,6105,3779,2336,3018
2006,13815.6,13636.75,6056.75,0.628655406127195,0.630036535426801,,0.535373201281484,4.791666667,2406.869,1043.908,837.821,353.915,73.961,27.877,24.81,44.577,2655.05,1016.624,1411.823,543.911,510.955,356.957,226.603,4181259,4165901,4153046,4098580,4116991,4152340,4122443,4130898,4068163,4092627,4132861,4186398,4253099,4339924,4380075,4476069,4366634,4225995,4107108,4004470,3893284,3731433,3569702,3436289,3160451,2892229,2589111,2269960,2096138,1884038,1748060,1630293,1516770,1495603,1523190,1546658,1446432,1395746,1364953,1379250,1423216,1498081,1514279,1517958,1504808,1504577,1469300,1439620,1438250,1397801,1358090,1330192,1279068,1247674,1192639,1136544,1112542,1093704,1127588,1002933,830449,845836,868831,839762,752443,722556,693329,703646,675375,655639,657911,645689,628694,650612,656090,682768,668871,686335,687267,677164,678287,673723,649933,623553,594002,540548,485756,440141,389043,341074,297770,256796,211924,168991,130083,99488,75265,54315,38667,26522,48822,0,0,0,0,0,0,0,0,0,0,0,0,0,0,8439,11501,22338,52377,106953,184622,336911,457885,626011,867584,1124885,1406933,1648882,1813479,2001936,2074389,2198371,2334956,2419941,2588594,2795634,2966093,2874250,2843665,2829282,2888945,2984609,3129749,3162217,3192857,3205025,3243608,3194493,3150788,3160933,3079850,2996098,2939418,2836999,2786253,2686665,2581639,2543083,2512880,2599426,2314399,1911311,1939963,1978834,1892382,1668324,1571975,1474497,1457591,1356282,1269773,1223714,1146473,1061384,1035478,980179,952313,866297,822732,759379,687302,628085,570393,501441,437340,377173,310489,241714,190829,147783,113213,86259,65778,47444,33169,22383,14933,9924,6281,3927,2363,3089
2007,14474.25,14305.375,6396.4,0.646701275957085,0.644445983461921,,0.55966939309368,4.629166667,2567.985,1163.472,869.607,370.243,65.069,26.044,26.01,47.54,2728.686,1041.59,1449.987,581.442,567.399,301.146,237.109,4320099,4199831,4187999,4173281,4121475,4142073,4177221,4155646,4165864,4098707,4121778,4160760,4210812,4280140,4360932,4404459,4497925,4371101,4212990,4080537,3913204,3833698,3634153,3418910,3243429,2950145,2690187,2415257,2142044,1998686,1798292,1660481,1560166,1468289,1467879,1501145,1532994,1440443,1394715,1369606,1391345,1441233,1510718,1519196,1520151,1507848,1517699,1480293,1450513,1448360,1403485,1361102,1328960,1274683,1246495,1193528,1145160,1119462,1101017,1135439,1009614,835854,850369,873178,846659,757738,728972,698415,708629,680462,660043,662148,648598,630157,652405,652307,678254,659949,676455,677012,665406,665063,657488,629375,598463,563178,513479,453572,403749,350288,301090,257552,217324,175294,136525,102595,76570,56514,39788,27666,50108,0,0,0,0,0,0,0,0,0,0,0,0,0,0,8261,11150,22634,51893,103319,175985,317306,441076,601600,821154,1106006,1380744,1651944,1862884,1979746,2135227,2200248,2320315,2433783,2490284,2644063,2830987,2999172,2893998,2853029,2833487,2883891,2977157,3118978,3154520,3189565,3193581,3233708,3172886,3127585,3141161,3060561,2983251,2927509,2822213,2773124,2664983,2563884,2513610,2481195,2567538,2286876,1887864,1911846,1945453,1862025,1636189,1541824,1440990,1421051,1319660,1231730,1183059,1101907,1015094,989334,929680,903120,814215,768472,703502,629154,568853,511815,445209,383842,327891,259307,199330,155184,118308,89109,66576,49706,35038,23904,15720,10217,6615,4087,2484,3189
2008,14769.85,14796.575,6534.125,0.671372628155954,0.67191489486087,,0.57254406019791,3.666666667,2523.991,1145.747,900.155,304.346,67.334,28.844,27.568,49.997,2982.544,1134.884,1594.903,612.11,594.143,388.65,252.757,4375086,4336459,4220208,4210601,4194750,4145424,4168158,4199379,4186749,4198881,4126805,4146904,4184345,4230260,4294525,4383243,4417992,4500812,4355855,4182497,3984075,3843472,3721180,3471800,3220596,3028551,2752544,2518474,2283301,2040947,1896819,1697489,1578508,1502706,1432056,1448500,1485897,1529710,1440415,1394705,1372783,1394504,1441551,1504049,1511541,1520490,1514600,1532611,1492213,1461830,1460954,1414894,1372746,1338072,1280027,1252380,1196064,1149440,1118407,1099420,1135210,1011174,838563,853880,877619,854170,764171,737268,705704,716074,687972,667059,668831,653141,632422,654154,649025,676230,655095,671213,670867,655637,651773,639899,607451,571342,538701,482631,418760,365884,311241,262042,219367,180949,142512,108285,79348,57754,41577,28580,51964,0,0,0,0,0,0,0,0,0,0,0,0,0,0,7227,9860,19618,47744,96167,163127,301702,415148,581012,789945,1041933,1343743,1600644,1840130,2004869,2085147,2234984,2298965,2398405,2485869,2515665,2660886,2832425,2997638,2886000,2841375,2820306,2869502,2970613,3112112,3145344,3175443,3166823,3211485,3140712,3094892,3110482,3027627,2954002,2897670,2790282,2745783,2634917,2543840,2486052,2452868,2538586,2259710,1862548,1880196,1907432,1826571,1599548,1506273,1401980,1378657,1277167,1187661,1136398,1052264,964741,939755,875768,848242,755555,707070,641016,566832,507632,452647,388685,331072,271637,212314,161029,123470,92539,68372,50040,36533,25132,16712,10718,6786,4285,2581,3301
2009,14478.05,14467.3,6249.125,0.669221835070784,0.673164744746834,,0.563909698896451,3.256666667,2104.989,915.308,890.917,138.229,62.483,23.482,22.453,52.117,3517.677,1237.536,2093.239,677.726,683.566,731.947,186.902,4295022,4391244,4353225,4239198,4232392,4214974,4167498,4188277,4216170,4212396,4225058,4146121,4162772,4197712,4233005,4303425,4389245,4409006,4476479,4309945,4058729,3887110,3702198,3531765,3259810,3006163,2834159,2592185,2397292,2189959,1952411,1806056,1630507,1535190,1477646,1413154,1433216,1469757,1518982,1432628,1392669,1376326,1397565,1444557,1504343,1514079,1528169,1521489,1545453,1503221,1477174,1482125,1435016,1390812,1350052,1285308,1255599,1193445,1147648,1111106,1090632,1126523,1004803,835210,851864,877050,857683,767497,742404,709540,719700,691755,670441,672321,655555,633419,656645,648714,677924,652401,665890,661644,640531,631275,614211,576282,542752,503114,442880,377232,323243,269327,221792,181394,145961,112028,82920,59192,41984,29486,53053,0,0,0,0,0,0,0,0,0,0,0,0,0,0,6131,8317,15892,40034,87702,151687,295543,406550,557793,767602,996857,1246020,1526213,1747600,1945812,2079516,2152617,2301704,2345239,2419715,2488109,2507405,2659035,2821883,2992312,2875890,2822603,2797832,2846322,2953079,3090704,3119123,3147551,3133823,3185614,3103954,3052842,3066061,2980967,2913429,2860000,2753479,2716119,2605269,2525343,2460268,2427225,2513527,2235971,1839017,1849680,1870031,1791180,1562020,1469863,1362434,1335970,1234336,1143034,1088527,1000516,911657,885074,814959,785136,690767,641668,577618,506254,450015,397969,338302,277310,224761,173267,129355,97462,71640,51818,37051,26368,17663,11431,7135,4397,2701,3413
2010,15048.975,14884.4,6372.5,0.680174115844658,0.683107709517075,,0.577237719833774,3.214166667,2162.706,898.549,864.814,191.437,66.909,18.885,25.298,96.814,3457.079,1347.166,1913.719,700.752,727.136,485.831,196.194,4176753,4321276,4413136,4374574,4264479,4261585,4243720,4195863,4216099,4241392,4246615,4259029,4173930,4187014,4214047,4249324,4316282,4389917,4390111,4442440,4197812,3985138,3779623,3551713,3353502,3078453,2838753,2686012,2475262,2302363,2098811,1864540,1737701,1590484,1513660,1463109,1397963,1425074,1461218,1517690,1436458,1399191,1383702,1404685,1455847,1520351,1536098,1553691,1543701,1569209,1520033,1490986,1492892,1440710,1396355,1356283,1291753,1264178,1199381,1156254,1114176,1093172,1131705,1012620,843713,860683,885576,867685,773965,748549,712963,722064,693553,671434,672725,653405,629361,653964,642927,673073,643348,653687,645249,618180,604063,581653,547309,507408,462819,400672,335268,281843,229960,185195,148096,116479,87367,63182,44083,30581,56097,0,0,0,0,0,0,0,0,0,0,0,0,0,0,5679,7641,14786,37408,80152,145271,284589,388511,531935,721802,958557,1190859,1422280,1683293,1873294,2047918,2175199,2243237,2370159,2389229,2443363,2503274,2517784,2670649,2821906,2993306,2868005,2807907,2783436,2830690,2937754,3062694,3081235,3108665,3091706,3153994,3065905,3016296,3035412,2951774,2888209,2831024,2718605,2683919,2569588,2498241,2425710,2391702,2475515,2198710,1804309,1808812,1824271,1749204,1521303,1432142,1323167,1294272,1192899,1100131,1043083,952942,863359,834860,759359,727973,632547,583300,521406,453290,399779,351161,287376,232886,186365,141591,103982,76902,55365,39136,27349,19015,12436,7863,4790,2887,3701
2011,15599.725,15466.525,6626.175,0.701529217856194,0.699682637818124,,0.595324501629557,2.785833333,2303.466,1091.473,818.792,181.085,72.381,7.399,29.519,102.817,3603.065,1347.137,2025.966,724.923,763.54,537.503,229.962,4017988,4178877,4329042,4417737,4378923,4272056,4268842,4252071,4205579,4226457,4257699,4254143,4267792,4185846,4196587,4228990,4261622,4315542,4374307,4363238,4350513,4150741,3908316,3656377,3397621,3181630,2911572,2683817,2549061,2356833,2191904,1989530,1784421,1686494,1564674,1501348,1457675,1401192,1432705,1472124,1530153,1449352,1411094,1396342,1420967,1480037,1552350,1568660,1581804,1566764,1587227,1536098,1504661,1504682,1453597,1411704,1375109,1310809,1282733,1217110,1171841,1131548,1112899,1153413,1033072,857552,871423,894298,873650,778034,751306,715432,723759,693605,670712,669261,647754,623062,647135,635340,663357,630617,635998,622310,591000,571256,552346,511413,466219,417737,354904,291144,239655,191207,150464,117561,90297,66145,46731,31878,58436,0,0,0,0,0,0,0,0,0,0,0,0,0,0,5275,7104,14635,35311,73712,129475,259807,356819,492302,679086,903316,1157992,1382525,1600084,1840054,2005361,2176452,2294930,2336225,2431859,2423511,2463220,2515778,2520963,2667301,2816664,2983784,2858364,2798129,2771600,2813178,2909728,3026346,3043465,3073471,3063293,3124147,3039636,2994551,3012387,2927699,2858828,2799604,2685902,2649822,2535806,2460595,2388391,2352061,2428648,2156031,1763462,1765102,1779222,1703707,1479227,1387767,1278182,1245718,1143254,1052049,994414,904733,814474,781144,704201,668709,575876,526510,466564,401125,350030,295376,238988,191127,150661,112559,81121,58779,41373,28560,19478,13215,8435,5206,3095,3930
2012,16253.95,16109.425,6928.15,0.716073258173313,0.717665744304451,0.740919361810785,0.613913809458478,1.8025,2449.99,1132.206,845.314,242.289,79.061,13.973,30.307,106.84,3526.563,1275.705,2030.45,767.714,725.784,536.952,220.408,3972529,4031771,4185243,4338216,4423621,4384588,4281147,4276103,4260756,4216476,4238468,4275740,4263673,4278119,4194147,4211692,4239693,4263681,4303628,4349134,4284360,4298131,4062645,3776495,3491540,3224467,3016679,2762916,2561080,2444737,2256025,2095160,1913599,1737425,1656009,1539123,1475798,1435981,1383958,1420459,1468584,1533640,1457277,1420280,1404823,1429421,1486993,1555306,1567319,1579564,1569931,1594758,1547259,1518468,1518557,1468436,1425997,1388765,1321991,1292266,1225926,1179577,1141007,1123451,1163060,1040567,859917,871600,894688,874878,781074,755075,719074,725541,691951,665909,661590,639818,616416,640937,628762,653678,617071,616291,596684,559418,543161,516516,470081,420803,369823,307871,247173,198952,155090,119139,90846,68094,48694,33621,60523,0,0,0,0,0,0,0,0,0,0,0,0,0,0,5126,6873,14937,34647,69889,122514,235311,339642,473591,655355,874131,1109732,1356587,1562285,1752938,1972357,2124126,2291374,2377173,2387958,2460773,2441627,2481351,2530318,2531256,2671951,2815880,2974573,2846166,2784179,2757208,2796967,2893137,3013961,3034991,3064202,3050592,3100926,3014556,2969113,2983771,2898241,2826986,2769829,2657888,2621745,2508101,2427979,2355991,2318465,2390388,2123021,1731841,1729265,1739584,1659858,1435282,1339548,1229209,1194140,1092435,1004982,946804,855767,763044,723795,644879,605808,516578,468495,411612,351283,294252,245467,196010,154387,119596,87629,61835,43820,30129,20280,13486,8919,5555,3342,4160
2013,16880.675,16687.775,7114.025,0.726570688527771,0.729835266317011,0.753943730409016,0.621760445966537,2.350833333,2775.106,1316.405,947.82,273.506,84.007,18.912,31.815,102.641,3454.881,1202.362,2031.634,807.841,767.633,456.16,220.885,3974387,3984252,4050268,4193190,4348463,4430404,4391178,4289307,4282811,4269394,4227147,4249792,4292851,4271242,4279551,4202193,4215719,4233474,4245639,4269815,4266935,4223756,4192725,3911138,3599497,3309286,3057606,2865594,2635077,2451313,2334111,2142790,2003588,1845205,1691588,1616998,1501365,1444342,1413156,1370724,1415194,1472686,1541527,1466557,1428483,1412713,1437114,1491360,1559363,1571970,1591038,1587412,1611853,1561807,1528799,1524867,1472797,1427500,1388643,1322272,1296816,1232807,1187308,1151384,1133814,1172069,1048482,865493,876863,901189,881397,786258,758573,722180,728380,694076,669465,666041,644752,618723,638682,620804,639031,595980,589619,565026,533212,508666,475565,424835,373206,321470,262193,205913,162170,123021,92166,68572,50165,35061,63180,0,0,0,0,0,0,0,0,0,0,0,0,0,0,5520,7146,16219,36484,70910,121431,225425,319635,466251,646434,856154,1077548,1298104,1527441,1706713,1877863,2095103,2243452,2393583,2448401,2439161,2502888,2480606,2513261,2553199,2544036,2674933,2811451,2964021,2834934,2773037,2744912,2782739,2879817,3000548,3020231,3040618,3022686,3067089,2985074,2946029,2961308,2877598,2806248,2752122,2638855,2596485,2480037,2392975,2320061,2282228,2349674,2086846,1694168,1685370,1690808,1607928,1386761,1289305,1178476,1139086,1035380,946835,884270,791170,699895,659592,584276,545454,462812,415757,361471,295405,244826,201384,158637,122808,93506,67117,46233,31617,21494,14132,9160,5908,3589,4468
2014,17608.125,17428.1,7476.325,0.738308171262294,0.7413696402017,0.76485471267602,0.6438305915057,2.540833333,3021.491,1394.568,1023.458,320.731,93.368,19.3,33.926,136.14,3506.284,1178.867,2098.461,844.876,830.96,422.625,228.956,3958371,3987637,4000833,4070747,4202824,4360472,4439248,4398904,4299232,4292122,4281008,4240934,4264350,4312433,4274933,4287107,4205338,4211266,4217297,4217888,4199027,4210166,4127313,4041779,3732829,3422211,3145048,2908758,2730540,2511707,2323652,2196820,2022694,1914710,1781558,1645826,1579595,1476987,1430937,1406993,1367115,1415296,1473994,1541881,1469598,1435263,1424122,1447512,1501410,1568667,1584066,1600699,1596114,1611169,1557700,1526232,1519844,1470172,1421838,1384659,1321717,1294932,1233313,1186253,1151615,1137441,1175333,1055267,868970,880691,903245,881743,785981,757809,721535,728173,694504,670661,667079,643108,613517,628771,605322,616022,570341,558223,538345,499388,468187,429654,377454,324034,273437,218139,167742,127792,94849,69310,50304,35931,65541,0,0,0,0,0,0,0,0,0,0,0,0,0,0,5722,7556,17073,37572,71391,120102,215540,308132,442611,641130,849063,1060206,1265660,1471606,1685725,1850574,2024796,2248993,2374031,2497165,2518717,2494082,2547191,2510082,2530947,2563059,2550457,2675411,2812250,2962969,2831438,2764561,2730199,2766690,2861324,2981981,2997726,3018317,3002974,3050210,2973014,2934186,2948322,2862039,2790634,2736096,2618478,2575344,2455881,2364092,2291216,2249357,2311474,2048277,1655692,1639931,1643158,1558694,1340383,1239969,1128011,1083457,976580,887429,821482,729642,640933,599675,527973,490243,410815,365219,304294,245812,200992,163175,125691,96394,71657,50075,33100,23012,14963,9565,6042,3805,4774
2015,18295,18164.25,7859.5,0.739202537348556,0.744716291521772,0.765726873895338,0.666229705988827,2.135833333,3249.89,1540.802,1065.257,343.797,98.279,19.232,35.041,147.482,3691.85,1172.141,2296.528,881.891,936.52,478.117,223.181,4027892,3974430,4006963,4021025,4094796,4216644,4377505,4453070,4412068,4316359,4309872,4302123,4265593,4289631,4338181,4296009,4300434,4212663,4210474,4204913,4174451,4168599,4141170,4012292,3885827,3573338,3276235,3004699,2780878,2607263,2381673,2188703,2079563,1935683,1861713,1744530,1622749,1567873,1474173,1430922,1406714,1369269,1415909,1474045,1539219,1467404,1432336,1418992,1442369,1499659,1573596,1591828,1609237,1599895,1615104,1564138,1532272,1530779,1477995,1428685,1392317,1326996,1301626,1237543,1190784,1156854,1142912,1182369,1062602,875743,887396,912826,891006,791845,759108,719218,721059,685386,661225,656874,631763,599636,609729,583324,589966,540373,533226,505580,460867,424868,383140,328500,276785,228532,178574,133090,99738,72276,51612,36639,68982,0,0,0,0,0,0,0,0,0,0,0,0,0,0,5200,6628,17785,38133,71406,119680,205102,291382,424479,608701,846162,1058373,1258741,1456068,1651640,1861539,2028240,2203532,2404692,2489898,2582598,2579776,2543505,2582786,2534766,2551347,2582468,2565769,2688779,2826027,2974971,2841961,2773887,2739717,2773688,2861238,2973362,2984229,3001189,2991569,3031061,2952265,2915249,2920470,2836920,2763322,2709084,2592669,2545774,2427991,2329422,2257035,2214387,2268157,2007852,1613200,1590745,1586615,1498764,1285992,1186452,1076948,1032336,925116,836509,767848,675706,588628,546949,476602,436836,362596,308584,254396,203145,163401,129945,99444,74042,53656,36264,24437,16024,10208,6378,3937,5154
2016,18804.9,18641.325,8091.225,0.748570898746687,0.750693184820822,0.770068330094749,0.673758177585608,1.841666667,3267.965,1546.075,1115.065,299.571,95.026,21.354,34.838,156.036,3852.615,1185.255,2427.327,910.282,1012.58,504.465,240.033,4034328,4043100,3995228,4028681,4043334,4120703,4232165,4394928,4466895,4425908,4334077,4327892,4323544,4289367,4308584,4366467,4304746,4300940,4205863,4194154,4162700,4141702,4097889,4022651,3858788,3718103,3414539,3124311,2861514,2644558,2466066,2241732,2072879,1991062,1882507,1825103,1711718,1600907,1548606,1455227,1414968,1393153,1359236,1404044,1459522,1523282,1449712,1418677,1409383,1439173,1505095,1583443,1604363,1616533,1606807,1617017,1568269,1540868,1535246,1482882,1434432,1399581,1334871,1306721,1243550,1190373,1158708,1145965,1188406,1071250,882191,894327,919022,893667,791552,758013,713699,717351,678067,653419,645901,615339,580217,587487,557287,558939,516363,499335,466244,417263,376968,332565,279679,229797,185715,140929,103087,75405,53350,37245,70994,0,0,0,0,0,0,0,0,0,0,0,0,0,0,4926,6333,18399,39608,71551,118329,195865,277267,402285,585843,807355,1056894,1260485,1456018,1641791,1832244,2046997,2210286,2355621,2521995,2565216,2645086,2630145,2585265,2619408,2569118,2581410,2609250,2587722,2709497,2849782,2996080,2864220,2790243,2750117,2775086,2850307,2956304,2962648,2982035,2973724,3010808,2930726,2890718,2896104,2811678,2734144,2679329,2560977,2514242,2394485,2295894,2222798,2177859,2221784,1962041,1567417,1537405,1529140,1441161,1233728,1131352,1025190,973668,867851,779755,710618,622590,537827,493434,425639,385059,305639,258394,209274,164703,130493,102194,75945,55658,38943,26411,16916,10821,6736,4102,5413
2017,19612.1,19375.175,8474.425,0.764526275259214,0.765612219302737,0.783813364375826,0.697024800488124,2.33,3316.184,1587.12,1161.897,297.048,83.823,22.768,34.574,128.954,3981.634,1200.31,2518.773,939.204,1030.389,549.18,262.551,4007584,4048355,4063110,4017745,4051290,4065992,4146733,4245921,4410592,4478672,4437245,4348719,4342629,4340294,4302112,4324518,4378196,4299817,4284839,4181744,4141253,4109033,4050387,3957604,3847435,3675557,3531582,3234561,2952312,2693800,2475044,2296457,2102010,1970574,1921143,1823459,1770038,1662504,1553535,1501400,1414738,1378947,1364266,1330937,1380879,1441897,1514516,1451938,1424349,1416395,1446576,1508520,1583927,1593956,1600406,1590695,1602501,1552878,1527009,1521082,1469725,1422474,1389661,1325975,1299554,1238001,1188947,1160235,1149295,1189172,1071844,877723,883789,905785,881504,782902,748528,708698,710504,671669,645461,633444,601595,563679,565490,531744,536437,485806,462954,423576,371962,329153,284990,233414,188040,147982,109774,78335,55927,38685,73141,0,0,0,0,0,0,0,0,0,0,0,0,0,0,5448,7211,18216,37872,71080,114574,194836,275111,395785,570262,790091,1021328,1271473,1467964,1653844,1829205,2019507,2230757,2361706,2468548,2599812,2625888,2706505,2678026,2634338,2666342,2607732,2615052,2635504,2612890,2727596,2863985,2998575,2856247,2777681,2734717,2756853,2833086,2941070,2957127,2979860,2972746,3001359,2923541,2883677,2885542,2799832,2717883,2661782,2541232,2490203,2367946,2259580,2184450,2136471,2175921,1919697,1528628,1497555,1486867,1394001,1185611,1080767,969369,914784,806617,720076,652073,564499,482418,438361,373322,324481,255773,212268,170113,131605,102500,77978,57612,40620,28017,18394,11521,7212,4377,5711
2018,20656.525,20436.325,8899.8,0.783173067401206,0.784134533258741,0.799026631099165,0.722288368765435,2.91,3329.907,1683.538,1170.701,204.733,94.986,22.983,41.299,111.667,4108.981,1261.517,2522.489,982.015,1037.564,502.91,324.975,3918443,4020635,4067219,4084818,4041405,4074830,4089490,4172311,4259825,4426965,4491281,4449527,4364695,4358057,4352816,4320418,4334284,4384189,4283303,4255277,4121295,4082395,4013144,3911961,3784871,3666124,3498045,3349377,3052929,2778393,2518518,2304681,2155652,1999655,1903119,1869830,1769997,1726552,1619239,1515258,1471500,1391775,1360047,1351050,1322657,1374614,1444625,1517636,1451580,1421919,1408077,1436082,1486912,1553879,1565744,1579522,1576798,1589268,1545156,1520299,1516134,1466507,1422005,1391014,1325362,1300722,1239670,1189426,1158539,1147428,1185868,1063829,867306,873464,898027,871511,776382,740139,701930,703321,660903,633397,618909,583942,543858,540509,510870,505973,449769,420805,377842,324397,281873,237113,190926,149675,114734,83151,57949,40423,75265,0,0,0,0,0,0,0,0,0,0,0,0,0,0,4854,6386,16643,37353,70187,117194,195984,277237,394286,560296,769260,999474,1228543,1480325,1672245,1852333,2026547,2213769,2395214,2485289,2556137,2668804,2690901,2765825,2729217,2683464,2704846,2637746,2640193,2654415,2625908,2735664,2863553,2993796,2854741,2776702,2737810,2759494,2843263,2958093,2970452,2982932,2969616,2990107,2907694,2868094,2864059,2776126,2688094,2630685,2510716,2455251,2332181,2218569,2146119,2096834,2130232,1881976,1492409,1453840,1435170,1340769,1131806,1025486,911450,852077,745781,660497,591620,506457,426706,382974,313718,269786,210178,171758,135061,102978,77405,58787,41320,28821,19602,12495,7625,4662,6026
2019,21539.975,21286.15,9325.15,0.797374020466402,0.799032859237931,0.811720635599169,0.749356487527784,2.144166667,3463.364,1717.857,1243.113,230.245,98.914,16.672,70.784,85.779,4446.952,1338,2733.794,1038.489,1126.519,568.786,375.158,3853680,3928669,4036505,4085815,4105574,4063544,4096575,4109905,4195157,4271368,4440106,4500102,4457721,4375582,4363616,4364067,4324771,4328950,4370884,4244747,4184841,4054414,3983235,3869972,3735536,3601289,3479505,3311036,3155170,2873464,2606807,2361977,2182609,2069719,1947828,1862340,1819933,1724901,1688830,1585570,1502005,1469019,1394042,1369468,1355907,1326987,1374084,1439602,1506023,1444649,1412697,1401227,1425122,1479359,1549818,1568490,1587174,1590135,1598920,1551437,1527132,1519300,1472010,1426021,1392418,1333892,1307624,1249763,1195182,1167895,1155201,1191642,1071566,873098,876902,896588,871508,771947,738914,697761,697980,653433,622986,603796,564513,517200,517820,481252,467599,409017,374864,329464,277679,234611,194245,151434,115844,86854,61458,41848,77848,0,0,0,0,0,0,0,0,0,0,0,0,0,0,3902,5042,15598,36540,71180,117096,196956,274826,388869,548762,749329,965672,1199616,1429794,1685191,1861745,2036057,2192667,2347246,2492438,2546229,2605302,2724978,2736608,2809198,2760983,2698229,2707168,2633941,2628699,2647122,2618490,2730769,2864220,2997591,2854089,2777048,2734131,2757408,2834391,2944126,2947961,2952740,2934582,2951403,2873365,2834667,2830132,2739051,2648982,2594647,2466427,2410570,2283407,2167978,2092459,2043061,2070600,1823636,1435756,1391984,1372428,1272793,1071579,959166,847519,784268,678663,596268,529056,447998,376163,324061,262237,223103,170301,137245,106282,78638,58853,42184,30003,20433,13378,8309,4953,6415
2020,21354.125,21320.225,9465.65,0.807334727307235,0.810685455081213,0.819843816825852,0.770529759840771,0.894166667,3421.164,1608.663,1309.955,211.845,86.78,17.624,68.551,117.746,6553.62,1627.883,4580.267,1089.889,1301.605,2188.773,345.47,3804000,3858093,3940308,4050721,4101724,4122947,4082041,4113363,4125478,4213479,4277725,4448236,4504207,4460998,4377666,4367288,4360214,4313466,4306837,4340741,4174892,4115872,3957514,3842470,3693240,3547047,3403882,3280491,3106340,2956791,2691174,2445855,2228128,2088013,1997339,1870596,1775899,1738143,1652021,1627768,1542083,1476446,1446987,1374012,1344496,1331143,1296681,1345561,1412860,1486900,1429238,1402741,1394243,1419702,1471432,1541536,1558431,1576596,1572578,1581524,1537152,1518514,1513951,1468348,1416370,1392092,1326741,1301983,1244382,1187902,1159745,1150273,1186081,1067942,868151,867695,887691,860373,763847,726538,686213,681838,633298,597707,575325,529693,492078,484827,442423,423869,363188,326674,281311,231008,192045,153578,117354,87696,64066,44294,80449,0,0,0,0,0,0,0,0,0,0,0,0,0,0,3784,4773,15258,35150,67023,114557,188820,267621,374690,533671,729236,943546,1168947,1404768,1641417,1887169,2047286,2202706,2329775,2446926,2569869,2626708,2694798,2808047,2805419,2871431,2798503,2721688,2725618,2649310,2648675,2666719,2643099,2751201,2883930,3006147,2859139,2775251,2727751,2746996,2822993,2931291,2935160,2937702,2927207,2936471,2856223,2812941,2800781,2707327,2619886,2556820,2435055,2375106,2246799,2127078,2052593,1997908,2017846,1772138,1386245,1339481,1313807,1212719,1012008,900997,787928,724250,621619,544445,477797,403503,323323,275355,220793,183901,138806,109642,83099,60881,43063,31422,21267,13968,8992,5453,6883
2021,23681.175,23004.125,10315.575,0.845135664652796,0.834987538360965,0.845378129926504,0.839044918251365,1.4425,4047.111,2044.377,1314.088,371.831,75.274,27.14,79.985,134.416,6822.461,1636.409,4833.714,1128.827,1297.11,2407.777,352.338,3656119,3806520,3864318,3951309,4063972,4116528,4139282,4098732,4128894,4140471,4231590,4284349,4457339,4510241,4462355,4384806,4363981,4349982,4294489,4274211,4279418,4107130,4014117,3819697,3675900,3515719,3372209,3231745,3100956,2937100,2794310,2537716,2315330,2133375,2006221,1908212,1782088,1698269,1671935,1604193,1595608,1526396,1457593,1425177,1350701,1322136,1305967,1281398,1332808,1404885,1478237,1422519,1393421,1382643,1405779,1450996,1520872,1536526,1550157,1553295,1563686,1529841,1511510,1506204,1455663,1407023,1377220,1313001,1291858,1230318,1174355,1148553,1139655,1174036,1061561,859505,860224,879481,851870,752989,713223,667423,657753,604460,569396,541217,505492,460472,443495,397611,371389,311475,273378,228941,184151,147481,115337,85857,62379,44385,80103,0,0,0,0,0,0,0,0,0,0,0,0,0,0,4335,5503,15978,35740,66423,111899,193257,262741,375315,521189,711516,918747,1133337,1357025,1601835,1829874,2062618,2213451,2348282,2437053,2543470,2674287,2728994,2785717,2885574,2858908,2913912,2817101,2746884,2752079,2676127,2673573,2693741,2658884,2760564,2888027,3006145,2856646,2773822,2726614,2745357,2823075,2928514,2930764,2934166,2916328,2915452,2824614,2781373,2764764,2675002,2580647,2523774,2399756,2333162,2207613,2080828,2003218,1944776,1956048,1707908,1327245,1271079,1238761,1133597,939705,828444,720658,657012,558889,481286,417879,334980,264839,223402,175117,144243,106128,81848,60936,42436,30527,21150,13790,8845,5537,6955
2022,26006.9,25517.575,11123.15,0.912676288912527,0.899163188304682,0.905235385038062,0.883647012470397,2.951666667,4897.399,2632.146,1483.527,424.865,87.728,32.55,99.908,136.675,6273.259,1664.55,4132.822,1212.487,1441.911,1478.424,475.887,3734992,3665025,3817742,3875759,3962317,4075266,4130204,4153439,4113271,4143695,4155515,4246674,4299718,4472867,4526299,4483342,4394613,4368795,4352449,4294545,4256107,4260043,3984994,3832689,3659431,3477303,3266208,3153209,3048967,2969009,2811944,2696519,2543835,2402544,2166745,2139717,2060740,1973156,1804413,1829844,1717795,1664688,1573322,1476174,1475003,1337178,1377391,1384388,1353648,1385179,1426168,1548701,1447974,1472529,1484079,1472520,1523048,1599673,1568424,1565065,1574460,1599121,1591775,1580138,1546690,1491087,1502924,1448266,1369842,1329874,1292355,1226465,1182173,1194631,1180147,1099020,850624,884521,927948,851956,732347,701823,673280,628384,581180,549274,503861,472592,424376,387970,333545,314842,256821,222049,177436,147261,109441,84200,58150,45326,80277,0,0,0,0,0,0,0,0,0,0,0,0,0,0,0,0,12981,28019,51172,83366,147979,231835,406342,580746,707783,938002,1198605,1383602,1571693,1765479,1986914,2190098,2239082,2292084,2434324,2439617,2552005,2567615,2706462,2751627,2767398,2862419,2787410,2741938,2712396,2696725,2623379,2617247,2584127,2700794,2854986,2919848,2815164,2677085,2605576,2655767,2726692,2821167,2866424,2882951,2854800,2834871,2714658,2660764,2668228,2581507,2426490,2391426,2280195,2229106,2078030,1959289,1896247,1811131,1862071,1584508,1261328,1166164,1101767,1041813,873948,752950,628563,596181,493695,412541,365223,280396,217142,193601,158016,119881,88442,65512,52044,28024,24795,16283,13545,4791,11446
2023,27720.725,27330.05,11725.25,0.950354027056796,0.948001177451912,0.954136822755,0.922800134358223,3.9575,4440.947,2176.481,1614.456,419.584,75.802,33.668,80.338,40.618,6134.672,1718.132,3758.273,1347.961,1563.263,847.049,658.267,3781008,3756510,3689220,3842307,3899921,3986784,4102201,4157735,4181450,4141624,4172399,4184380,4276119,4329820,4504202,4559127,4504944,4412133,4394993,4363231,4269364,4225892,4184618,3868033,3679203,3485098,3319803,3102902,3017552,2904726,2839620,2707810,2607891,2495477,2365920,2172021,2137074,2074022,1958804,1791869,1833257,1746993,1680725,1549659,1473376,1460928,1341429,1376852,1392862,1354680,1397439,1428828,1544921,1455137,1481350,1490245,1476518,1507432,1589532,1558238,1570584,1579113,1598435,1588351,1587766,1543556,1495081,1507559,1452472,1367813,1322710,1290768,1217585,1187081,1193764,1183806,1113361,838223,860368,920209,833017,715383,680774,644160,606242,551223,515503,461780,432807,375747,338307,283809,269502,214897,179180,138570,113018,82759,60163,42791,83089,0,0,0,0,0,0,0,0,0,0,0,0,0,0,0,0,13007,31072,40161,79586,150491,222844,356017,576476,791613,942811,1160176,1428761,1587737,1784865,1964440,2158184,2347587,2355208,2395702,2494468,2507082,2601528,2640801,2773271,2799092,2782898,2888724,2848500,2777010,2754053,2717088,2644228,2623792,2593379,2694149,2852844,2921815,2804758,2663151,2591560,2642964,2729641,2813424,2854648,2851048,2819157,2800015,2678916,2609900,2623891,2529263,2371174,2333266,2226393,2176609,2017611,1903775,1822446,1737250,1773863,1486899,1201137,1111572,1022808,970806,806163,688770,572915,529464,436597,359520,319846,235480,185266,162177,131743,90756,65191,48780,39106,18963,15932,12033,7607,10040
2024,29166.165,28823.025,12416.17,0.978136374999357,0.978138602239937,0.980751898405565,0.961705628998269,4.188038,4918.104,2426.067,1708.926,529.867,101.435,31.616,77.037,43.156,6750.485,1809.797,4059.569,1454.424,1623.868,981.277,881.119,3724562,3807486,3786024,3719048,3871978,3929306,4016558,4134400,4190388,4214556,4175037,4206235,4218697,4311679,4366781,4543105,4583262,4534978,4443441,4419687,4324138,4256285,4166990,4093697,3726241,3536310,3312535,3187378,2969128,2914656,2811080,2760105,2645085,2579835,2495002,2362744,2174432,2158400,2094288,1962877,1808105,1828818,1761424,1687254,1561450,1472546,1477485,1363965,1390134,1423012,1350070,1407163,1430451,1544361,1444863,1467451,1493302,1477528,1509342,1579900,1560865,1575537,1566490,1592765,1584375,1577139,1534750,1495082,1502406,1448794,1371534,1328907,1298828,1206863,1164350,1185546,1163483,1095809,831438,849110,891749,795770,692160,652007,621897,570392,523762,471727,416933,391754,329959,288496,234202,228574,174072,145271,107274,83459,59438,46584,84555,0,0,0,0,0,0,0,0,0,0,0,0,0,0,0,0,17081,27126,46350,65665,170314,218664,340199,510512,786870,1007596,1191954,1373051,1644897,1774481,1962427,2128051,2302155,2457923,2436125,2477578,2568453,2560388,2652599,2703357,2818766,2861429,2819251,2929447,2877969,2813437,2767832,2721683,2653940,2611382,2611287,2693343,2855454,2924087,2815122,2674498,2582734,2635077,2716697,2806613,2831096,2820522,2801412,2770820,2644611,2579643,2588779,2484482,2329151,2286193,2170022,2113873,1950184,1851877,1777489,1671741,1710943,1423233,1137497,1046242,966023,918884,744965,632117,509975,475704,376794,317086,278758,194735,154486,136066,111829,65393,49576,32390,27150,14096,11944,4549,10633
